contemporary country,14,2021-01-01
dance pop,34,2021-01-01
hip hop,15,2021-01-01
latin,21,2021-01-01
modern rock,17,2021-01-01
pop,67,2021-01-01
pop rap,31,2021-01-01
post-teen pop,10,2021-01-01
rap,27,2021-01-01
rock,23,2021-01-01
contemporary country,19,2021-01-02
dance pop,39,2021-01-02
hip hop,13,2021-01-02
latin,17,2021-01-02
modern rock,19,2021-01-02
pop,84,2021-01-02
pop rap,17,2021-01-02
post-teen pop,22,2021-01-02
rap,28,2021-01-02
rock,33,2021-01-02
contemporary country,16,2021-01-03
dance pop,38,2021-01-03
hip hop,16,2021-01-03
latin,19,2021-01-03
modern rock,13,2021-01-03
pop,76,2021-01-03
pop rap,29,2021-01-03
post-teen pop,20,2021-01-03
rap,27,2021-01-03
rock,36,2021-01-03
contemporary country,17,2021-01-04
dance pop,43,2021-01-04
hip hop,27,2021-01-04
latin,28,2021-01-04
modern rock,23,2021-01-04
pop,80,2021-01-04
pop rap,28,2021-01-04
post-teen pop,20,2021-01-04
rap,30,2021-01-04
rock,37,2021-01-04
contemporary country,14,2021-01-05
dance pop,53,2021-01-05
hip hop,22,2021-01-05
latin,33,2021-01-05
modern rock,22,2021-01-05
pop,74,2021-01-05
pop rap,19,2021-01-05
post-teen pop,23,2021-01-05
rap,26,2021-01-05
rock,27,2021-01-05
contemporary country,17,2021-01-06
dance pop,49,2021-01-06
hip hop,13,2021-01-06
latin,27,2021-01-06
modern rock,17,2021-01-06
pop,98,2021-01-06
pop rap,30,2021-01-06
post-teen pop,21,2021-01-06
rap,27,2021-01-06
rock,23,2021-01-06
contemporary country,10,2021-01-07
dance pop,56,2021-01-07
hip hop,9,2021-01-07
latin,28,2021-01-07
modern rock,17,2021-01-07
pop,77,2021-01-07
pop rap,18,2021-01-07
post-teen pop,8,2021-01-07
rap,24,2021-01-07
rock,36,2021-01-07
contemporary country,22,2021-01-08
dance pop,52,2021-01-08
hip hop,21,2021-01-08
latin,18,2021-01-08
modern rock,15,2021-01-08
pop,71,2021-01-08
pop rap,15,2021-01-08
post-teen pop,14,2021-01-08
rap,30,2021-01-08
rock,42,2021-01-08
contemporary country,19,2021-01-09
dance pop,38,2021-01-09
hip hop,13,2021-01-09
latin,19,2021-01-09
modern rock,15,2021-01-09
pop,70,2021-01-09
pop rap,12,2021-01-09
post-teen pop,25,2021-01-09
rap,28,2021-01-09
rock,37,2021-01-09
contemporary country,21,2021-01-10
dance pop,44,2021-01-10
hip hop,9,2021-01-10
latin,22,2021-01-10
modern rock,28,2021-01-10
pop,91,2021-01-10
pop rap,24,2021-01-10
post-teen pop,19,2021-01-10
rap,26,2021-01-10
rock,32,2021-01-10
contemporary country,22,2021-01-11
dance pop,47,2021-01-11
hip hop,18,2021-01-11
latin,18,2021-01-11
modern rock,13,2021-01-11
pop,69,2021-01-11
pop rap,20,2021-01-11
post-teen pop,18,2021-01-11
rap,23,2021-01-11
rock,29,2021-01-11
contemporary country,10,2021-01-12
dance pop,44,2021-01-12
hip hop,13,2021-01-12
latin,15,2021-01-12
modern rock,20,2021-01-12
pop,91,2021-01-12
pop rap,27,2021-01-12
post-teen pop,9,2021-01-12
rap,39,2021-01-12
rock,34,2021-01-12
contemporary country,24,2021-01-13
dance pop,58,2021-01-13
hip hop,29,2021-01-13
latin,17,2021-01-13
modern rock,13,2021-01-13
pop,80,2021-01-13
pop rap,29,2021-01-13
post-teen pop,13,2021-01-13
rap,18,2021-01-13
rock,36,2021-01-13
contemporary country,22,2021-01-14
dance pop,46,2021-01-14
hip hop,18,2021-01-14
latin,21,2021-01-14
modern rock,17,2021-01-14
pop,88,2021-01-14
pop rap,26,2021-01-14
post-teen pop,14,2021-01-14
rap,36,2021-01-14
rock,37,2021-01-14
contemporary country,17,2021-01-15
dance pop,58,2021-01-15
hip hop,14,2021-01-15
latin,24,2021-01-15
modern rock,14,2021-01-15
pop,73,2021-01-15
pop rap,27,2021-01-15
post-teen pop,17,2021-01-15
rap,20,2021-01-15
rock,32,2021-01-15
contemporary country,10,2021-01-16
dance pop,50,2021-01-16
hip hop,11,2021-01-16
latin,22,2021-01-16
modern rock,14,2021-01-16
pop,93,2021-01-16
pop rap,13,2021-01-16
post-teen pop,11,2021-01-16
rap,30,2021-01-16
rock,30,2021-01-16
contemporary country,25,2021-01-17
dance pop,39,2021-01-17
hip hop,26,2021-01-17
latin,15,2021-01-17
modern rock,14,2021-01-17
pop,87,2021-01-17
pop rap,24,2021-01-17
post-teen pop,20,2021-01-17
rap,27,2021-01-17
rock,34,2021-01-17
contemporary country,19,2021-01-18
dance pop,38,2021-01-18
hip hop,15,2021-01-18
latin,26,2021-01-18
modern rock,16,2021-01-18
pop,94,2021-01-18
pop rap,30,2021-01-18
post-teen pop,19,2021-01-18
rap,29,2021-01-18
rock,39,2021-01-18
contemporary country,17,2021-01-19
dance pop,45,2021-01-19
hip hop,25,2021-01-19
latin,21,2021-01-19
modern rock,15,2021-01-19
pop,90,2021-01-19
pop rap,23,2021-01-19
post-teen pop,13,2021-01-19
rap,32,2021-01-19
rock,24,2021-01-19
contemporary country,20,2021-01-20
dance pop,48,2021-01-20
hip hop,25,2021-01-20
latin,14,2021-01-20
modern rock,20,2021-01-20
pop,88,2021-01-20
pop rap,22,2021-01-20
post-teen pop,23,2021-01-20
rap,28,2021-01-20
rock,36,2021-01-20
contemporary country,17,2021-01-21
dance pop,56,2021-01-21
hip hop,22,2021-01-21
latin,18,2021-01-21
modern rock,15,2021-01-21
pop,80,2021-01-21
pop rap,17,2021-01-21
post-teen pop,15,2021-01-21
rap,38,2021-01-21
rock,37,2021-01-21
contemporary country,15,2021-01-22
dance pop,45,2021-01-22
hip hop,16,2021-01-22
latin,22,2021-01-22
modern rock,14,2021-01-22
pop,82,2021-01-22
pop rap,22,2021-01-22
post-teen pop,15,2021-01-22
rap,49,2021-01-22
rock,37,2021-01-22
contemporary country,14,2021-01-23
dance pop,53,2021-01-23
hip hop,13,2021-01-23
latin,16,2021-01-23
modern rock,11,2021-01-23
pop,77,2021-01-23
pop rap,15,2021-01-23
post-teen pop,19,2021-01-23
rap,26,2021-01-23
rock,38,2021-01-23
contemporary country,12,2021-01-24
dance pop,43,2021-01-24
hip hop,16,2021-01-24
latin,23,2021-01-24
modern rock,16,2021-01-24
pop,78,2021-01-24
pop rap,26,2021-01-24
post-teen pop,10,2021-01-24
rap,29,2021-01-24
rock,35,2021-01-24
contemporary country,18,2021-01-25
dance pop,49,2021-01-25
hip hop,16,2021-01-25
latin,18,2021-01-25
modern rock,23,2021-01-25
pop,88,2021-01-25
pop rap,29,2021-01-25
post-teen pop,16,2021-01-25
rap,25,2021-01-25
rock,34,2021-01-25
contemporary country,14,2021-01-26
dance pop,50,2021-01-26
hip hop,18,2021-01-26
latin,11,2021-01-26
modern rock,13,2021-01-26
pop,79,2021-01-26
pop rap,22,2021-01-26
post-teen pop,17,2021-01-26
rap,29,2021-01-26
rock,33,2021-01-26
contemporary country,12,2021-01-27
dance pop,41,2021-01-27
hip hop,13,2021-01-27
latin,23,2021-01-27
modern rock,21,2021-01-27
pop,71,2021-01-27
pop rap,19,2021-01-27
post-teen pop,11,2021-01-27
rap,40,2021-01-27
rock,41,2021-01-27
contemporary country,12,2021-01-28
dance pop,44,2021-01-28
hip hop,25,2021-01-28
latin,18,2021-01-28
modern rock,23,2021-01-28
pop,87,2021-01-28
pop rap,29,2021-01-28
post-teen pop,15,2021-01-28
rap,34,2021-01-28
rock,24,2021-01-28
contemporary country,20,2021-01-29
dance pop,53,2021-01-29
hip hop,14,2021-01-29
latin,22,2021-01-29
modern rock,15,2021-01-29
pop,88,2021-01-29
pop rap,20,2021-01-29
post-teen pop,19,2021-01-29
rap,24,2021-01-29
rock,33,2021-01-29
contemporary country,15,2021-01-30
dance pop,48,2021-01-30
hip hop,21,2021-01-30
latin,16,2021-01-30
modern rock,20,2021-01-30
pop,85,2021-01-30
pop rap,22,2021-01-30
post-teen pop,18,2021-01-30
rap,28,2021-01-30
rock,26,2021-01-30
contemporary country,19,2021-01-31
dance pop,40,2021-01-31
hip hop,26,2021-01-31
latin,18,2021-01-31
modern rock,20,2021-01-31
pop,90,2021-01-31
pop rap,21,2021-01-31
post-teen pop,15,2021-01-31
rap,25,2021-01-31
rock,43,2021-01-31
contemporary country,18,2021-02-01
dance pop,47,2021-02-01
hip hop,17,2021-02-01
latin,18,2021-02-01
modern rock,16,2021-02-01
pop,68,2021-02-01
pop rap,21,2021-02-01
post-teen pop,16,2021-02-01
rap,26,2021-02-01
rock,37,2021-02-01
contemporary country,15,2021-02-02
dance pop,43,2021-02-02
hip hop,20,2021-02-02
latin,26,2021-02-02
modern rock,25,2021-02-02
pop,78,2021-02-02
pop rap,22,2021-02-02
post-teen pop,16,2021-02-02
rap,28,2021-02-02
rock,38,2021-02-02
contemporary country,18,2021-02-03
dance pop,46,2021-02-03
hip hop,12,2021-02-03
latin,18,2021-02-03
modern rock,16,2021-02-03
pop,70,2021-02-03
pop rap,17,2021-02-03
post-teen pop,17,2021-02-03
rap,28,2021-02-03
rock,31,2021-02-03
contemporary country,27,2021-02-04
dance pop,49,2021-02-04
hip hop,14,2021-02-04
latin,20,2021-02-04
modern rock,23,2021-02-04
pop,84,2021-02-04
pop rap,30,2021-02-04
post-teen pop,13,2021-02-04
rap,27,2021-02-04
rock,28,2021-02-04
contemporary country,18,2021-02-05
dance pop,42,2021-02-05
hip hop,14,2021-02-05
latin,24,2021-02-05
modern rock,18,2021-02-05
pop,80,2021-02-05
pop rap,15,2021-02-05
post-teen pop,15,2021-02-05
rap,27,2021-02-05
rock,27,2021-02-05
contemporary country,21,2021-02-06
dance pop,61,2021-02-06
hip hop,23,2021-02-06
latin,17,2021-02-06
modern rock,17,2021-02-06
pop,79,2021-02-06
pop rap,15,2021-02-06
post-teen pop,17,2021-02-06
rap,17,2021-02-06
rock,27,2021-02-06
contemporary country,16,2021-02-07
dance pop,52,2021-02-07
hip hop,18,2021-02-07
latin,19,2021-02-07
modern rock,13,2021-02-07
pop,92,2021-02-07
pop rap,21,2021-02-07
post-teen pop,25,2021-02-07
rap,26,2021-02-07
rock,32,2021-02-07
contemporary country,19,2021-02-08
dance pop,56,2021-02-08
hip hop,14,2021-02-08
latin,13,2021-02-08
modern rock,9,2021-02-08
pop,80,2021-02-08
pop rap,25,2021-02-08
post-teen pop,19,2021-02-08
rap,36,2021-02-08
rock,30,2021-02-08
contemporary country,18,2021-02-09
dance pop,35,2021-02-09
hip hop,17,2021-02-09
latin,13,2021-02-09
modern rock,23,2021-02-09
pop,84,2021-02-09
pop rap,30,2021-02-09
post-teen pop,11,2021-02-09
rap,32,2021-02-09
rock,33,2021-02-09
contemporary country,15,2021-02-10
dance pop,44,2021-02-10
hip hop,17,2021-02-10
latin,18,2021-02-10
modern rock,13,2021-02-10
pop,88,2021-02-10
pop rap,23,2021-02-10
post-teen pop,17,2021-02-10
rap,25,2021-02-10
rock,33,2021-02-10
contemporary country,16,2021-02-11
dance pop,42,2021-02-11
hip hop,21,2021-02-11
latin,26,2021-02-11
modern rock,12,2021-02-11
pop,77,2021-02-11
pop rap,17,2021-02-11
post-teen pop,11,2021-02-11
rap,24,2021-02-11
rock,35,2021-02-11
contemporary country,17,2021-02-12
dance pop,43,2021-02-12
hip hop,17,2021-02-12
latin,21,2021-02-12
modern rock,16,2021-02-12
pop,78,2021-02-12
pop rap,22,2021-02-12
post-teen pop,21,2021-02-12
rap,28,2021-02-12
rock,37,2021-02-12
contemporary country,8,2021-02-13
dance pop,55,2021-02-13
hip hop,11,2021-02-13
latin,12,2021-02-13
modern rock,22,2021-02-13
pop,82,2021-02-13
pop rap,27,2021-02-13
post-teen pop,16,2021-02-13
rap,27,2021-02-13
rock,26,2021-02-13
contemporary country,21,2021-02-14
dance pop,43,2021-02-14
hip hop,19,2021-02-14
latin,21,2021-02-14
modern rock,24,2021-02-14
pop,79,2021-02-14
pop rap,21,2021-02-14
post-teen pop,16,2021-02-14
rap,34,2021-02-14
rock,34,2021-02-14
contemporary country,27,2021-02-15
dance pop,49,2021-02-15
hip hop,16,2021-02-15
latin,16,2021-02-15
modern rock,18,2021-02-15
pop,60,2021-02-15
pop rap,21,2021-02-15
post-teen pop,16,2021-02-15
rap,26,2021-02-15
rock,36,2021-02-15
contemporary country,15,2021-02-16
dance pop,50,2021-02-16
hip hop,14,2021-02-16
latin,16,2021-02-16
modern rock,15,2021-02-16
pop,68,2021-02-16
pop rap,22,2021-02-16
post-teen pop,20,2021-02-16
rap,29,2021-02-16
rock,37,2021-02-16
contemporary country,16,2021-02-17
dance pop,50,2021-02-17
hip hop,15,2021-02-17
latin,15,2021-02-17
modern rock,12,2021-02-17
pop,99,2021-02-17
pop rap,27,2021-02-17
post-teen pop,11,2021-02-17
rap,25,2021-02-17
rock,33,2021-02-17
contemporary country,18,2021-02-18
dance pop,38,2021-02-18
hip hop,27,2021-02-18
latin,10,2021-02-18
modern rock,24,2021-02-18
pop,83,2021-02-18
pop rap,24,2021-02-18
post-teen pop,21,2021-02-18
rap,24,2021-02-18
rock,39,2021-02-18
contemporary country,18,2021-02-19
dance pop,48,2021-02-19
hip hop,9,2021-02-19
latin,15,2021-02-19
modern rock,24,2021-02-19
pop,84,2021-02-19
pop rap,23,2021-02-19
post-teen pop,24,2021-02-19
rap,22,2021-02-19
rock,28,2021-02-19
contemporary country,21,2021-02-20
dance pop,39,2021-02-20
hip hop,14,2021-02-20
latin,17,2021-02-20
modern rock,13,2021-02-20
pop,81,2021-02-20
pop rap,29,2021-02-20
post-teen pop,15,2021-02-20
rap,25,2021-02-20
rock,32,2021-02-20
contemporary country,17,2021-02-21
dance pop,44,2021-02-21
hip hop,18,2021-02-21
latin,21,2021-02-21
modern rock,13,2021-02-21
pop,76,2021-02-21
pop rap,21,2021-02-21
post-teen pop,15,2021-02-21
rap,35,2021-02-21
rock,38,2021-02-21
contemporary country,12,2021-02-22
dance pop,53,2021-02-22
hip hop,13,2021-02-22
latin,29,2021-02-22
modern rock,13,2021-02-22
pop,88,2021-02-22
pop rap,26,2021-02-22
post-teen pop,20,2021-02-22
rap,26,2021-02-22
rock,40,2021-02-22
contemporary country,17,2021-02-23
dance pop,44,2021-02-23
hip hop,9,2021-02-23
latin,16,2021-02-23
modern rock,17,2021-02-23
pop,87,2021-02-23
pop rap,20,2021-02-23
post-teen pop,18,2021-02-23
rap,27,2021-02-23
rock,42,2021-02-23
contemporary country,10,2021-02-24
dance pop,37,2021-02-24
hip hop,18,2021-02-24
latin,26,2021-02-24
modern rock,20,2021-02-24
pop,71,2021-02-24
pop rap,31,2021-02-24
post-teen pop,13,2021-02-24
rap,26,2021-02-24
rock,32,2021-02-24
contemporary country,21,2021-02-25
dance pop,40,2021-02-25
hip hop,12,2021-02-25
latin,24,2021-02-25
modern rock,15,2021-02-25
pop,85,2021-02-25
pop rap,22,2021-02-25
post-teen pop,8,2021-02-25
rap,18,2021-02-25
rock,28,2021-02-25
contemporary country,15,2021-02-26
dance pop,59,2021-02-26
hip hop,19,2021-02-26
latin,27,2021-02-26
modern rock,15,2021-02-26
pop,86,2021-02-26
pop rap,17,2021-02-26
post-teen pop,16,2021-02-26
rap,27,2021-02-26
rock,35,2021-02-26
contemporary country,19,2021-02-27
dance pop,44,2021-02-27
hip hop,19,2021-02-27
latin,16,2021-02-27
modern rock,9,2021-02-27
pop,85,2021-02-27
pop rap,20,2021-02-27
post-teen pop,24,2021-02-27
rap,41,2021-02-27
rock,24,2021-02-27
contemporary country,22,2021-02-28
dance pop,39,2021-02-28
hip hop,23,2021-02-28
latin,20,2021-02-28
modern rock,13,2021-02-28
pop,93,2021-02-28
pop rap,21,2021-02-28
post-teen pop,21,2021-02-28
rap,33,2021-02-28
rock,23,2021-02-28
contemporary country,16,2021-03-01
dance pop,55,2021-03-01
hip hop,20,2021-03-01
latin,20,2021-03-01
modern rock,18,2021-03-01
pop,84,2021-03-01
pop rap,25,2021-03-01
post-teen pop,18,2021-03-01
rap,37,2021-03-01
rock,34,2021-03-01
contemporary country,22,2021-03-02
dance pop,47,2021-03-02
hip hop,13,2021-03-02
latin,12,2021-03-02
modern rock,12,2021-03-02
pop,77,2021-03-02
pop rap,28,2021-03-02
post-teen pop,11,2021-03-02
rap,25,2021-03-02
rock,27,2021-03-02
contemporary country,19,2021-03-03
dance pop,48,2021-03-03
hip hop,18,2021-03-03
latin,22,2021-03-03
modern rock,18,2021-03-03
pop,95,2021-03-03
pop rap,40,2021-03-03
post-teen pop,29,2021-03-03
rap,32,2021-03-03
rock,35,2021-03-03
contemporary country,21,2021-03-04
dance pop,42,2021-03-04
hip hop,16,2021-03-04
latin,21,2021-03-04
modern rock,20,2021-03-04
pop,82,2021-03-04
pop rap,19,2021-03-04
post-teen pop,15,2021-03-04
rap,29,2021-03-04
rock,33,2021-03-04
contemporary country,13,2021-03-05
dance pop,48,2021-03-05
hip hop,22,2021-03-05
latin,16,2021-03-05
modern rock,18,2021-03-05
pop,83,2021-03-05
pop rap,21,2021-03-05
post-teen pop,16,2021-03-05
rap,34,2021-03-05
rock,30,2021-03-05
contemporary country,18,2021-03-06
dance pop,44,2021-03-06
hip hop,14,2021-03-06
latin,20,2021-03-06
modern rock,18,2021-03-06
pop,63,2021-03-06
pop rap,25,2021-03-06
post-teen pop,20,2021-03-06
rap,28,2021-03-06
rock,35,2021-03-06
contemporary country,20,2021-03-07
dance pop,45,2021-03-07
hip hop,9,2021-03-07
latin,14,2021-03-07
modern rock,18,2021-03-07
pop,83,2021-03-07
pop rap,17,2021-03-07
post-teen pop,17,2021-03-07
rap,20,2021-03-07
rock,41,2021-03-07
contemporary country,14,2021-03-08
dance pop,47,2021-03-08
hip hop,19,2021-03-08
latin,24,2021-03-08
modern rock,14,2021-03-08
pop,68,2021-03-08
pop rap,30,2021-03-08
post-teen pop,19,2021-03-08
rap,19,2021-03-08
rock,34,2021-03-08
contemporary country,20,2021-03-09
dance pop,46,2021-03-09
hip hop,24,2021-03-09
latin,16,2021-03-09
modern rock,18,2021-03-09
pop,76,2021-03-09
pop rap,25,2021-03-09
post-teen pop,18,2021-03-09
rap,36,2021-03-09
rock,30,2021-03-09
contemporary country,17,2021-03-10
dance pop,45,2021-03-10
hip hop,12,2021-03-10
latin,19,2021-03-10
modern rock,12,2021-03-10
pop,100,2021-03-10
pop rap,23,2021-03-10
post-teen pop,10,2021-03-10
rap,23,2021-03-10
rock,26,2021-03-10
contemporary country,11,2021-03-11
dance pop,42,2021-03-11
hip hop,17,2021-03-11
latin,22,2021-03-11
modern rock,16,2021-03-11
pop,70,2021-03-11
pop rap,17,2021-03-11
post-teen pop,18,2021-03-11
rap,29,2021-03-11
rock,28,2021-03-11
contemporary country,23,2021-03-12
dance pop,51,2021-03-12
hip hop,14,2021-03-12
latin,23,2021-03-12
modern rock,15,2021-03-12
pop,86,2021-03-12
pop rap,24,2021-03-12
post-teen pop,19,2021-03-12
rap,26,2021-03-12
rock,28,2021-03-12
contemporary country,28,2021-03-13
dance pop,51,2021-03-13
hip hop,27,2021-03-13
latin,19,2021-03-13
modern rock,11,2021-03-13
pop,74,2021-03-13
pop rap,27,2021-03-13
post-teen pop,20,2021-03-13
rap,31,2021-03-13
rock,32,2021-03-13
contemporary country,14,2021-03-14
dance pop,47,2021-03-14
hip hop,13,2021-03-14
latin,18,2021-03-14
modern rock,16,2021-03-14
pop,74,2021-03-14
pop rap,24,2021-03-14
post-teen pop,21,2021-03-14
rap,27,2021-03-14
rock,29,2021-03-14
contemporary country,18,2021-03-15
dance pop,54,2021-03-15
hip hop,14,2021-03-15
latin,23,2021-03-15
modern rock,18,2021-03-15
pop,88,2021-03-15
pop rap,24,2021-03-15
post-teen pop,17,2021-03-15
rap,32,2021-03-15
rock,50,2021-03-15
contemporary country,21,2021-03-16
dance pop,55,2021-03-16
hip hop,12,2021-03-16
latin,15,2021-03-16
modern rock,18,2021-03-16
pop,90,2021-03-16
pop rap,19,2021-03-16
post-teen pop,10,2021-03-16
rap,28,2021-03-16
rock,44,2021-03-16
contemporary country,17,2021-03-17
dance pop,43,2021-03-17
hip hop,10,2021-03-17
latin,19,2021-03-17
modern rock,22,2021-03-17
pop,70,2021-03-17
pop rap,25,2021-03-17
post-teen pop,23,2021-03-17
rap,28,2021-03-17
rock,41,2021-03-17
contemporary country,19,2021-03-18
dance pop,48,2021-03-18
hip hop,18,2021-03-18
latin,28,2021-03-18
modern rock,16,2021-03-18
pop,81,2021-03-18
pop rap,29,2021-03-18
post-teen pop,15,2021-03-18
rap,30,2021-03-18
rock,34,2021-03-18
contemporary country,17,2021-03-19
dance pop,55,2021-03-19
hip hop,11,2021-03-19
latin,24,2021-03-19
modern rock,21,2021-03-19
pop,80,2021-03-19
pop rap,26,2021-03-19
post-teen pop,12,2021-03-19
rap,31,2021-03-19
rock,32,2021-03-19
contemporary country,13,2021-03-20
dance pop,53,2021-03-20
hip hop,18,2021-03-20
latin,25,2021-03-20
modern rock,16,2021-03-20
pop,81,2021-03-20
pop rap,20,2021-03-20
post-teen pop,21,2021-03-20
rap,30,2021-03-20
rock,38,2021-03-20
contemporary country,19,2021-03-21
dance pop,45,2021-03-21
hip hop,14,2021-03-21
latin,21,2021-03-21
modern rock,15,2021-03-21
pop,69,2021-03-21
pop rap,32,2021-03-21
post-teen pop,20,2021-03-21
rap,25,2021-03-21
rock,36,2021-03-21
contemporary country,20,2021-03-22
dance pop,56,2021-03-22
hip hop,22,2021-03-22
latin,18,2021-03-22
modern rock,19,2021-03-22
pop,71,2021-03-22
pop rap,27,2021-03-22
post-teen pop,23,2021-03-22
rap,21,2021-03-22
rock,34,2021-03-22
contemporary country,21,2021-03-23
dance pop,44,2021-03-23
hip hop,20,2021-03-23
latin,23,2021-03-23
modern rock,17,2021-03-23
pop,92,2021-03-23
pop rap,23,2021-03-23
post-teen pop,24,2021-03-23
rap,32,2021-03-23
rock,38,2021-03-23
contemporary country,23,2021-03-24
dance pop,53,2021-03-24
hip hop,19,2021-03-24
latin,18,2021-03-24
modern rock,26,2021-03-24
pop,86,2021-03-24
pop rap,24,2021-03-24
post-teen pop,23,2021-03-24
rap,32,2021-03-24
rock,31,2021-03-24
contemporary country,15,2021-03-25
dance pop,42,2021-03-25
hip hop,12,2021-03-25
latin,28,2021-03-25
modern rock,20,2021-03-25
pop,88,2021-03-25
pop rap,19,2021-03-25
post-teen pop,21,2021-03-25
rap,40,2021-03-25
rock,37,2021-03-25
contemporary country,10,2021-03-26
dance pop,40,2021-03-26
hip hop,16,2021-03-26
latin,19,2021-03-26
modern rock,19,2021-03-26
pop,79,2021-03-26
pop rap,25,2021-03-26
post-teen pop,14,2021-03-26
rap,28,2021-03-26
rock,37,2021-03-26
contemporary country,18,2021-03-27
dance pop,51,2021-03-27
hip hop,14,2021-03-27
latin,28,2021-03-27
modern rock,11,2021-03-27
pop,89,2021-03-27
pop rap,18,2021-03-27
post-teen pop,30,2021-03-27
rap,29,2021-03-27
rock,41,2021-03-27
contemporary country,17,2021-03-28
dance pop,47,2021-03-28
hip hop,16,2021-03-28
latin,22,2021-03-28
modern rock,19,2021-03-28
pop,86,2021-03-28
pop rap,22,2021-03-28
post-teen pop,19,2021-03-28
rap,31,2021-03-28
rock,34,2021-03-28
contemporary country,27,2021-03-29
dance pop,53,2021-03-29
hip hop,17,2021-03-29
latin,21,2021-03-29
modern rock,18,2021-03-29
pop,80,2021-03-29
pop rap,22,2021-03-29
post-teen pop,17,2021-03-29
rap,30,2021-03-29
rock,33,2021-03-29
contemporary country,13,2021-03-30
dance pop,45,2021-03-30
hip hop,22,2021-03-30
latin,21,2021-03-30
modern rock,12,2021-03-30
pop,78,2021-03-30
pop rap,20,2021-03-30
post-teen pop,19,2021-03-30
rap,28,2021-03-30
rock,27,2021-03-30
contemporary country,19,2021-03-31
dance pop,44,2021-03-31
hip hop,22,2021-03-31
latin,25,2021-03-31
modern rock,22,2021-03-31
pop,83,2021-03-31
pop rap,17,2021-03-31
post-teen pop,9,2021-03-31
rap,21,2021-03-31
rock,38,2021-03-31
contemporary country,18,2021-04-01
dance pop,46,2021-04-01
hip hop,21,2021-04-01
latin,20,2021-04-01
modern rock,13,2021-04-01
pop,86,2021-04-01
pop rap,29,2021-04-01
post-teen pop,13,2021-04-01
rap,27,2021-04-01
rock,41,2021-04-01
contemporary country,20,2021-04-02
dance pop,59,2021-04-02
hip hop,7,2021-04-02
latin,10,2021-04-02
modern rock,9,2021-04-02
pop,77,2021-04-02
pop rap,17,2021-04-02
post-teen pop,17,2021-04-02
rap,38,2021-04-02
rock,28,2021-04-02
contemporary country,13,2021-04-03
dance pop,51,2021-04-03
hip hop,10,2021-04-03
latin,17,2021-04-03
modern rock,12,2021-04-03
pop,87,2021-04-03
pop rap,28,2021-04-03
post-teen pop,16,2021-04-03
rap,34,2021-04-03
rock,31,2021-04-03
contemporary country,16,2021-04-04
dance pop,50,2021-04-04
hip hop,15,2021-04-04
latin,19,2021-04-04
modern rock,18,2021-04-04
pop,78,2021-04-04
pop rap,19,2021-04-04
post-teen pop,17,2021-04-04
rap,25,2021-04-04
rock,43,2021-04-04
contemporary country,19,2021-04-05
dance pop,48,2021-04-05
hip hop,20,2021-04-05
latin,14,2021-04-05
modern rock,22,2021-04-05
pop,94,2021-04-05
pop rap,22,2021-04-05
post-teen pop,23,2021-04-05
rap,47,2021-04-05
rock,37,2021-04-05
contemporary country,23,2021-04-06
dance pop,48,2021-04-06
hip hop,19,2021-04-06
latin,26,2021-04-06
modern rock,18,2021-04-06
pop,87,2021-04-06
pop rap,17,2021-04-06
post-teen pop,21,2021-04-06
rap,25,2021-04-06
rock,26,2021-04-06
contemporary country,25,2021-04-07
dance pop,45,2021-04-07
hip hop,18,2021-04-07
latin,28,2021-04-07
modern rock,20,2021-04-07
pop,86,2021-04-07
pop rap,21,2021-04-07
post-teen pop,26,2021-04-07
rap,31,2021-04-07
rock,26,2021-04-07
contemporary country,21,2021-04-08
dance pop,51,2021-04-08
hip hop,20,2021-04-08
latin,26,2021-04-08
modern rock,17,2021-04-08
pop,89,2021-04-08
pop rap,21,2021-04-08
post-teen pop,16,2021-04-08
rap,31,2021-04-08
rock,26,2021-04-08
contemporary country,25,2021-04-09
dance pop,56,2021-04-09
hip hop,13,2021-04-09
latin,18,2021-04-09
modern rock,15,2021-04-09
pop,66,2021-04-09
pop rap,30,2021-04-09
post-teen pop,18,2021-04-09
rap,26,2021-04-09
rock,32,2021-04-09
contemporary country,22,2021-04-10
dance pop,41,2021-04-10
hip hop,16,2021-04-10
latin,23,2021-04-10
modern rock,17,2021-04-10
pop,71,2021-04-10
pop rap,16,2021-04-10
post-teen pop,17,2021-04-10
rap,28,2021-04-10
rock,41,2021-04-10
contemporary country,22,2021-04-11
dance pop,47,2021-04-11
hip hop,16,2021-04-11
latin,23,2021-04-11
modern rock,17,2021-04-11
pop,77,2021-04-11
pop rap,16,2021-04-11
post-teen pop,14,2021-04-11
rap,26,2021-04-11
rock,31,2021-04-11
contemporary country,27,2021-04-12
dance pop,32,2021-04-12
hip hop,17,2021-04-12
latin,18,2021-04-12
modern rock,21,2021-04-12
pop,94,2021-04-12
pop rap,23,2021-04-12
post-teen pop,21,2021-04-12
rap,28,2021-04-12
rock,29,2021-04-12
contemporary country,17,2021-04-13
dance pop,57,2021-04-13
hip hop,14,2021-04-13
latin,17,2021-04-13
modern rock,18,2021-04-13
pop,85,2021-04-13
pop rap,22,2021-04-13
post-teen pop,13,2021-04-13
rap,37,2021-04-13
rock,33,2021-04-13
contemporary country,12,2021-04-14
dance pop,39,2021-04-14
hip hop,13,2021-04-14
latin,21,2021-04-14
modern rock,21,2021-04-14
pop,83,2021-04-14
pop rap,30,2021-04-14
post-teen pop,22,2021-04-14
rap,23,2021-04-14
rock,32,2021-04-14
contemporary country,23,2021-04-15
dance pop,50,2021-04-15
hip hop,26,2021-04-15
latin,16,2021-04-15
modern rock,12,2021-04-15
pop,80,2021-04-15
pop rap,23,2021-04-15
post-teen pop,20,2021-04-15
rap,29,2021-04-15
rock,29,2021-04-15
contemporary country,16,2021-04-16
dance pop,39,2021-04-16
hip hop,13,2021-04-16
latin,13,2021-04-16
modern rock,27,2021-04-16
pop,76,2021-04-16
pop rap,24,2021-04-16
post-teen pop,21,2021-04-16
rap,33,2021-04-16
rock,40,2021-04-16
contemporary country,17,2021-04-17
dance pop,53,2021-04-17
hip hop,13,2021-04-17
latin,20,2021-04-17
modern rock,19,2021-04-17
pop,81,2021-04-17
pop rap,17,2021-04-17
post-teen pop,22,2021-04-17
rap,38,2021-04-17
rock,35,2021-04-17
contemporary country,18,2021-04-18
dance pop,47,2021-04-18
hip hop,18,2021-04-18
latin,24,2021-04-18
modern rock,18,2021-04-18
pop,92,2021-04-18
pop rap,30,2021-04-18
post-teen pop,14,2021-04-18
rap,36,2021-04-18
rock,46,2021-04-18
contemporary country,20,2021-04-19
dance pop,54,2021-04-19
hip hop,26,2021-04-19
latin,15,2021-04-19
modern rock,15,2021-04-19
pop,75,2021-04-19
pop rap,23,2021-04-19
post-teen pop,17,2021-04-19
rap,34,2021-04-19
rock,46,2021-04-19
contemporary country,21,2021-04-20
dance pop,65,2021-04-20
hip hop,16,2021-04-20
latin,21,2021-04-20
modern rock,17,2021-04-20
pop,93,2021-04-20
pop rap,26,2021-04-20
post-teen pop,18,2021-04-20
rap,35,2021-04-20
rock,38,2021-04-20
contemporary country,20,2021-04-21
dance pop,50,2021-04-21
hip hop,16,2021-04-21
latin,17,2021-04-21
modern rock,17,2021-04-21
pop,78,2021-04-21
pop rap,24,2021-04-21
post-teen pop,12,2021-04-21
rap,31,2021-04-21
rock,37,2021-04-21
contemporary country,17,2021-04-22
dance pop,57,2021-04-22
hip hop,12,2021-04-22
latin,25,2021-04-22
modern rock,28,2021-04-22
pop,81,2021-04-22
pop rap,24,2021-04-22
post-teen pop,11,2021-04-22
rap,24,2021-04-22
rock,47,2021-04-22
contemporary country,13,2021-04-23
dance pop,56,2021-04-23
hip hop,13,2021-04-23
latin,22,2021-04-23
modern rock,14,2021-04-23
pop,79,2021-04-23
pop rap,24,2021-04-23
post-teen pop,20,2021-04-23
rap,34,2021-04-23
rock,37,2021-04-23
contemporary country,20,2021-04-24
dance pop,41,2021-04-24
hip hop,17,2021-04-24
latin,29,2021-04-24
modern rock,12,2021-04-24
pop,71,2021-04-24
pop rap,31,2021-04-24
post-teen pop,25,2021-04-24
rap,26,2021-04-24
rock,37,2021-04-24
contemporary country,12,2021-04-25
dance pop,31,2021-04-25
hip hop,18,2021-04-25
latin,22,2021-04-25
modern rock,19,2021-04-25
pop,75,2021-04-25
pop rap,19,2021-04-25
post-teen pop,25,2021-04-25
rap,24,2021-04-25
rock,25,2021-04-25
contemporary country,27,2021-04-26
dance pop,47,2021-04-26
hip hop,19,2021-04-26
latin,22,2021-04-26
modern rock,15,2021-04-26
pop,70,2021-04-26
pop rap,21,2021-04-26
post-teen pop,22,2021-04-26
rap,27,2021-04-26
rock,41,2021-04-26
contemporary country,13,2021-04-27
dance pop,45,2021-04-27
hip hop,25,2021-04-27
latin,24,2021-04-27
modern rock,20,2021-04-27
pop,97,2021-04-27
pop rap,28,2021-04-27
post-teen pop,21,2021-04-27
rap,26,2021-04-27
rock,32,2021-04-27
contemporary country,15,2021-04-28
dance pop,38,2021-04-28
hip hop,16,2021-04-28
latin,29,2021-04-28
modern rock,15,2021-04-28
pop,66,2021-04-28
pop rap,25,2021-04-28
post-teen pop,14,2021-04-28
rap,34,2021-04-28
rock,30,2021-04-28
contemporary country,17,2021-04-29
dance pop,53,2021-04-29
hip hop,20,2021-04-29
latin,8,2021-04-29
modern rock,21,2021-04-29
pop,92,2021-04-29
pop rap,19,2021-04-29
post-teen pop,17,2021-04-29
rap,37,2021-04-29
rock,30,2021-04-29
contemporary country,20,2021-04-30
dance pop,55,2021-04-30
hip hop,18,2021-04-30
latin,17,2021-04-30
modern rock,17,2021-04-30
pop,82,2021-04-30
pop rap,18,2021-04-30
post-teen pop,18,2021-04-30
rap,28,2021-04-30
rock,39,2021-04-30
contemporary country,22,2021-05-01
dance pop,43,2021-05-01
hip hop,22,2021-05-01
latin,25,2021-05-01
modern rock,13,2021-05-01
pop,87,2021-05-01
pop rap,29,2021-05-01
post-teen pop,21,2021-05-01
rap,23,2021-05-01
rock,27,2021-05-01
contemporary country,16,2021-05-02
dance pop,55,2021-05-02
hip hop,20,2021-05-02
latin,15,2021-05-02
modern rock,18,2021-05-02
pop,91,2021-05-02
pop rap,18,2021-05-02
post-teen pop,19,2021-05-02
rap,39,2021-05-02
rock,32,2021-05-02
contemporary country,19,2021-05-03
dance pop,45,2021-05-03
hip hop,19,2021-05-03
latin,21,2021-05-03
modern rock,13,2021-05-03
pop,75,2021-05-03
pop rap,18,2021-05-03
post-teen pop,10,2021-05-03
rap,22,2021-05-03
rock,36,2021-05-03
contemporary country,22,2021-05-04
dance pop,45,2021-05-04
hip hop,13,2021-05-04
latin,20,2021-05-04
modern rock,21,2021-05-04
pop,66,2021-05-04
pop rap,28,2021-05-04
post-teen pop,10,2021-05-04
rap,31,2021-05-04
rock,29,2021-05-04
contemporary country,20,2021-05-05
dance pop,52,2021-05-05
hip hop,20,2021-05-05
latin,24,2021-05-05
modern rock,14,2021-05-05
pop,89,2021-05-05
pop rap,28,2021-05-05
post-teen pop,10,2021-05-05
rap,28,2021-05-05
rock,30,2021-05-05
contemporary country,27,2021-05-06
dance pop,51,2021-05-06
hip hop,15,2021-05-06
latin,19,2021-05-06
modern rock,21,2021-05-06
pop,75,2021-05-06
pop rap,18,2021-05-06
post-teen pop,19,2021-05-06
rap,33,2021-05-06
rock,33,2021-05-06
contemporary country,19,2021-05-07
dance pop,40,2021-05-07
hip hop,11,2021-05-07
latin,16,2021-05-07
modern rock,20,2021-05-07
pop,93,2021-05-07
pop rap,24,2021-05-07
post-teen pop,15,2021-05-07
rap,29,2021-05-07
rock,37,2021-05-07
contemporary country,19,2021-05-08
dance pop,47,2021-05-08
hip hop,22,2021-05-08
latin,19,2021-05-08
modern rock,17,2021-05-08
pop,89,2021-05-08
pop rap,20,2021-05-08
post-teen pop,18,2021-05-08
rap,32,2021-05-08
rock,45,2021-05-08
contemporary country,25,2021-05-09
dance pop,52,2021-05-09
hip hop,16,2021-05-09
latin,23,2021-05-09
modern rock,19,2021-05-09
pop,96,2021-05-09
pop rap,22,2021-05-09
post-teen pop,13,2021-05-09
rap,32,2021-05-09
rock,28,2021-05-09
contemporary country,23,2021-05-10
dance pop,38,2021-05-10
hip hop,18,2021-05-10
latin,19,2021-05-10
modern rock,25,2021-05-10
pop,87,2021-05-10
pop rap,28,2021-05-10
post-teen pop,18,2021-05-10
rap,32,2021-05-10
rock,24,2021-05-10
contemporary country,14,2021-05-11
dance pop,61,2021-05-11
hip hop,12,2021-05-11
latin,24,2021-05-11
modern rock,18,2021-05-11
pop,68,2021-05-11
pop rap,26,2021-05-11
post-teen pop,14,2021-05-11
rap,33,2021-05-11
rock,36,2021-05-11
contemporary country,23,2021-05-12
dance pop,49,2021-05-12
hip hop,24,2021-05-12
latin,16,2021-05-12
modern rock,15,2021-05-12
pop,80,2021-05-12
pop rap,29,2021-05-12
post-teen pop,17,2021-05-12
rap,27,2021-05-12
rock,38,2021-05-12
contemporary country,19,2021-05-13
dance pop,54,2021-05-13
hip hop,22,2021-05-13
latin,18,2021-05-13
modern rock,14,2021-05-13
pop,81,2021-05-13
pop rap,16,2021-05-13
post-teen pop,16,2021-05-13
rap,23,2021-05-13
rock,34,2021-05-13
contemporary country,25,2021-05-14
dance pop,49,2021-05-14
hip hop,21,2021-05-14
latin,19,2021-05-14
modern rock,11,2021-05-14
pop,75,2021-05-14
pop rap,20,2021-05-14
post-teen pop,16,2021-05-14
rap,29,2021-05-14
rock,49,2021-05-14
contemporary country,22,2021-05-15
dance pop,45,2021-05-15
hip hop,16,2021-05-15
latin,28,2021-05-15
modern rock,24,2021-05-15
pop,100,2021-05-15
pop rap,19,2021-05-15
post-teen pop,19,2021-05-15
rap,25,2021-05-15
rock,31,2021-05-15
contemporary country,23,2021-05-16
dance pop,50,2021-05-16
hip hop,14,2021-05-16
latin,24,2021-05-16
modern rock,17,2021-05-16
pop,71,2021-05-16
pop rap,30,2021-05-16
post-teen pop,14,2021-05-16
rap,28,2021-05-16
rock,37,2021-05-16
contemporary country,13,2021-05-17
dance pop,48,2021-05-17
hip hop,20,2021-05-17
latin,14,2021-05-17
modern rock,19,2021-05-17
pop,84,2021-05-17
pop rap,26,2021-05-17
post-teen pop,20,2021-05-17
rap,28,2021-05-17
rock,37,2021-05-17
contemporary country,11,2021-05-18
dance pop,45,2021-05-18
hip hop,12,2021-05-18
latin,11,2021-05-18
modern rock,15,2021-05-18
pop,69,2021-05-18
pop rap,29,2021-05-18
post-teen pop,15,2021-05-18
rap,28,2021-05-18
rock,37,2021-05-18
contemporary country,29,2021-05-19
dance pop,36,2021-05-19
hip hop,18,2021-05-19
latin,12,2021-05-19
modern rock,11,2021-05-19
pop,73,2021-05-19
pop rap,19,2021-05-19
post-teen pop,16,2021-05-19
rap,39,2021-05-19
rock,31,2021-05-19
contemporary country,20,2021-05-20
dance pop,49,2021-05-20
hip hop,23,2021-05-20
latin,27,2021-05-20
modern rock,20,2021-05-20
pop,80,2021-05-20
pop rap,25,2021-05-20
post-teen pop,17,2021-05-20
rap,40,2021-05-20
rock,47,2021-05-20
contemporary country,14,2021-05-21
dance pop,30,2021-05-21
hip hop,20,2021-05-21
latin,17,2021-05-21
modern rock,13,2021-05-21
pop,80,2021-05-21
pop rap,24,2021-05-21
post-teen pop,12,2021-05-21
rap,34,2021-05-21
rock,30,2021-05-21
contemporary country,18,2021-05-22
dance pop,35,2021-05-22
hip hop,20,2021-05-22
latin,23,2021-05-22
modern rock,17,2021-05-22
pop,86,2021-05-22
pop rap,25,2021-05-22
post-teen pop,17,2021-05-22
rap,27,2021-05-22
rock,51,2021-05-22
contemporary country,10,2021-05-23
dance pop,51,2021-05-23
hip hop,23,2021-05-23
latin,28,2021-05-23
modern rock,11,2021-05-23
pop,86,2021-05-23
pop rap,25,2021-05-23
post-teen pop,17,2021-05-23
rap,27,2021-05-23
rock,31,2021-05-23
contemporary country,14,2021-05-24
dance pop,45,2021-05-24
hip hop,17,2021-05-24
latin,24,2021-05-24
modern rock,7,2021-05-24
pop,94,2021-05-24
pop rap,29,2021-05-24
post-teen pop,16,2021-05-24
rap,19,2021-05-24
rock,26,2021-05-24
contemporary country,25,2021-05-25
dance pop,46,2021-05-25
hip hop,39,2021-05-25
latin,23,2021-05-25
modern rock,14,2021-05-25
pop,99,2021-05-25
pop rap,19,2021-05-25
post-teen pop,18,2021-05-25
rap,33,2021-05-25
rock,31,2021-05-25
contemporary country,13,2021-05-26
dance pop,60,2021-05-26
hip hop,19,2021-05-26
latin,23,2021-05-26
modern rock,15,2021-05-26
pop,72,2021-05-26
pop rap,20,2021-05-26
post-teen pop,23,2021-05-26
rap,30,2021-05-26
rock,32,2021-05-26
contemporary country,19,2021-05-27
dance pop,34,2021-05-27
hip hop,17,2021-05-27
latin,32,2021-05-27
modern rock,17,2021-05-27
pop,93,2021-05-27
pop rap,28,2021-05-27
post-teen pop,13,2021-05-27
rap,28,2021-05-27
rock,33,2021-05-27
contemporary country,36,2021-05-28
dance pop,27,2021-05-28
hip hop,15,2021-05-28
latin,18,2021-05-28
modern rock,15,2021-05-28
pop,78,2021-05-28
pop rap,23,2021-05-28
post-teen pop,15,2021-05-28
rap,25,2021-05-28
rock,35,2021-05-28
contemporary country,20,2021-05-29
dance pop,37,2021-05-29
hip hop,16,2021-05-29
latin,29,2021-05-29
modern rock,11,2021-05-29
pop,81,2021-05-29
pop rap,13,2021-05-29
post-teen pop,11,2021-05-29
rap,26,2021-05-29
rock,40,2021-05-29
contemporary country,14,2021-05-30
dance pop,40,2021-05-30
hip hop,18,2021-05-30
latin,18,2021-05-30
modern rock,18,2021-05-30
pop,87,2021-05-30
pop rap,28,2021-05-30
post-teen pop,18,2021-05-30
rap,26,2021-05-30
rock,31,2021-05-30
contemporary country,19,2021-05-31
dance pop,42,2021-05-31
hip hop,18,2021-05-31
latin,16,2021-05-31
modern rock,11,2021-05-31
pop,86,2021-05-31
pop rap,26,2021-05-31
post-teen pop,14,2021-05-31
rap,21,2021-05-31
rock,30,2021-05-31
contemporary country,16,2021-06-01
dance pop,47,2021-06-01
hip hop,22,2021-06-01
latin,21,2021-06-01
modern rock,23,2021-06-01
pop,81,2021-06-01
pop rap,22,2021-06-01
post-teen pop,20,2021-06-01
rap,30,2021-06-01
rock,27,2021-06-01
contemporary country,18,2021-06-02
dance pop,51,2021-06-02
hip hop,20,2021-06-02
latin,23,2021-06-02
modern rock,18,2021-06-02
pop,77,2021-06-02
pop rap,22,2021-06-02
post-teen pop,13,2021-06-02
rap,32,2021-06-02
rock,38,2021-06-02
contemporary country,18,2021-06-03
dance pop,50,2021-06-03
hip hop,18,2021-06-03
latin,21,2021-06-03
modern rock,19,2021-06-03
pop,73,2021-06-03
pop rap,25,2021-06-03
post-teen pop,19,2021-06-03
rap,32,2021-06-03
rock,26,2021-06-03
contemporary country,16,2021-06-04
dance pop,50,2021-06-04
hip hop,21,2021-06-04
latin,26,2021-06-04
modern rock,18,2021-06-04
pop,76,2021-06-04
pop rap,34,2021-06-04
post-teen pop,16,2021-06-04
rap,31,2021-06-04
rock,30,2021-06-04
contemporary country,14,2021-06-05
dance pop,49,2021-06-05
hip hop,19,2021-06-05
latin,21,2021-06-05
modern rock,16,2021-06-05
pop,76,2021-06-05
pop rap,29,2021-06-05
post-teen pop,12,2021-06-05
rap,33,2021-06-05
rock,32,2021-06-05
contemporary country,13,2021-06-06
dance pop,52,2021-06-06
hip hop,8,2021-06-06
latin,15,2021-06-06
modern rock,17,2021-06-06
pop,84,2021-06-06
pop rap,28,2021-06-06
post-teen pop,14,2021-06-06
rap,21,2021-06-06
rock,42,2021-06-06
contemporary country,17,2021-06-07
dance pop,63,2021-06-07
hip hop,21,2021-06-07
latin,16,2021-06-07
modern rock,18,2021-06-07
pop,95,2021-06-07
pop rap,24,2021-06-07
post-teen pop,21,2021-06-07
rap,28,2021-06-07
rock,30,2021-06-07
contemporary country,18,2021-06-08
dance pop,54,2021-06-08
hip hop,15,2021-06-08
latin,29,2021-06-08
modern rock,20,2021-06-08
pop,72,2021-06-08
pop rap,20,2021-06-08
post-teen pop,17,2021-06-08
rap,21,2021-06-08
rock,32,2021-06-08
contemporary country,24,2021-06-09
dance pop,40,2021-06-09
hip hop,15,2021-06-09
latin,23,2021-06-09
modern rock,18,2021-06-09
pop,93,2021-06-09
pop rap,26,2021-06-09
post-teen pop,21,2021-06-09
rap,39,2021-06-09
rock,32,2021-06-09
contemporary country,18,2021-06-10
dance pop,45,2021-06-10
hip hop,22,2021-06-10
latin,18,2021-06-10
modern rock,16,2021-06-10
pop,90,2021-06-10
pop rap,23,2021-06-10
post-teen pop,21,2021-06-10
rap,33,2021-06-10
rock,34,2021-06-10
contemporary country,14,2021-06-11
dance pop,43,2021-06-11
hip hop,22,2021-06-11
latin,14,2021-06-11
modern rock,11,2021-06-11
pop,76,2021-06-11
pop rap,22,2021-06-11
post-teen pop,20,2021-06-11
rap,51,2021-06-11
rock,32,2021-06-11
contemporary country,17,2021-06-12
dance pop,42,2021-06-12
hip hop,20,2021-06-12
latin,27,2021-06-12
modern rock,13,2021-06-12
pop,86,2021-06-12
pop rap,20,2021-06-12
post-teen pop,21,2021-06-12
rap,36,2021-06-12
rock,37,2021-06-12
contemporary country,17,2021-06-13
dance pop,46,2021-06-13
hip hop,16,2021-06-13
latin,25,2021-06-13
modern rock,15,2021-06-13
pop,82,2021-06-13
pop rap,29,2021-06-13
post-teen pop,15,2021-06-13
rap,36,2021-06-13
rock,34,2021-06-13
contemporary country,17,2021-06-14
dance pop,42,2021-06-14
hip hop,11,2021-06-14
latin,21,2021-06-14
modern rock,18,2021-06-14
pop,61,2021-06-14
pop rap,24,2021-06-14
post-teen pop,13,2021-06-14
rap,31,2021-06-14
rock,27,2021-06-14
contemporary country,19,2021-06-15
dance pop,63,2021-06-15
hip hop,22,2021-06-15
latin,15,2021-06-15
modern rock,21,2021-06-15
pop,82,2021-06-15
pop rap,22,2021-06-15
post-teen pop,22,2021-06-15
rap,33,2021-06-15
rock,48,2021-06-15
contemporary country,16,2021-06-16
dance pop,53,2021-06-16
hip hop,19,2021-06-16
latin,22,2021-06-16
modern rock,19,2021-06-16
pop,90,2021-06-16
pop rap,17,2021-06-16
post-teen pop,20,2021-06-16
rap,24,2021-06-16
rock,37,2021-06-16
contemporary country,21,2021-06-17
dance pop,36,2021-06-17
hip hop,17,2021-06-17
latin,20,2021-06-17
modern rock,18,2021-06-17
pop,81,2021-06-17
pop rap,22,2021-06-17
post-teen pop,14,2021-06-17
rap,29,2021-06-17
rock,29,2021-06-17
contemporary country,18,2021-06-18
dance pop,43,2021-06-18
hip hop,14,2021-06-18
latin,22,2021-06-18
modern rock,19,2021-06-18
pop,84,2021-06-18
pop rap,25,2021-06-18
post-teen pop,21,2021-06-18
rap,34,2021-06-18
rock,30,2021-06-18
contemporary country,19,2021-06-19
dance pop,49,2021-06-19
hip hop,13,2021-06-19
latin,28,2021-06-19
modern rock,10,2021-06-19
pop,92,2021-06-19
pop rap,26,2021-06-19
post-teen pop,8,2021-06-19
rap,36,2021-06-19
rock,29,2021-06-19
contemporary country,21,2021-06-20
dance pop,40,2021-06-20
hip hop,21,2021-06-20
latin,23,2021-06-20
modern rock,20,2021-06-20
pop,87,2021-06-20
pop rap,27,2021-06-20
post-teen pop,27,2021-06-20
rap,30,2021-06-20
rock,46,2021-06-20
contemporary country,18,2021-06-21
dance pop,59,2021-06-21
hip hop,12,2021-06-21
latin,24,2021-06-21
modern rock,21,2021-06-21
pop,83,2021-06-21
pop rap,23,2021-06-21
post-teen pop,20,2021-06-21
rap,37,2021-06-21
rock,38,2021-06-21
contemporary country,23,2021-06-22
dance pop,58,2021-06-22
hip hop,21,2021-06-22
latin,18,2021-06-22
modern rock,19,2021-06-22
pop,70,2021-06-22
pop rap,28,2021-06-22
post-teen pop,15,2021-06-22
rap,33,2021-06-22
rock,37,2021-06-22
contemporary country,22,2021-06-23
dance pop,51,2021-06-23
hip hop,17,2021-06-23
latin,21,2021-06-23
modern rock,22,2021-06-23
pop,83,2021-06-23
pop rap,23,2021-06-23
post-teen pop,20,2021-06-23
rap,25,2021-06-23
rock,44,2021-06-23
contemporary country,27,2021-06-24
dance pop,52,2021-06-24
hip hop,13,2021-06-24
latin,25,2021-06-24
modern rock,10,2021-06-24
pop,75,2021-06-24
pop rap,19,2021-06-24
post-teen pop,17,2021-06-24
rap,24,2021-06-24
rock,39,2021-06-24
contemporary country,16,2021-06-25
dance pop,53,2021-06-25
hip hop,16,2021-06-25
latin,25,2021-06-25
modern rock,15,2021-06-25
pop,58,2021-06-25
pop rap,20,2021-06-25
post-teen pop,14,2021-06-25
rap,18,2021-06-25
rock,40,2021-06-25
contemporary country,21,2021-06-26
dance pop,46,2021-06-26
hip hop,19,2021-06-26
latin,18,2021-06-26
modern rock,21,2021-06-26
pop,70,2021-06-26
pop rap,26,2021-06-26
post-teen pop,12,2021-06-26
rap,26,2021-06-26
rock,28,2021-06-26
contemporary country,26,2021-06-27
dance pop,53,2021-06-27
hip hop,17,2021-06-27
latin,16,2021-06-27
modern rock,12,2021-06-27
pop,76,2021-06-27
pop rap,27,2021-06-27
post-teen pop,19,2021-06-27
rap,35,2021-06-27
rock,33,2021-06-27
contemporary country,23,2021-06-28
dance pop,52,2021-06-28
hip hop,29,2021-06-28
latin,21,2021-06-28
modern rock,15,2021-06-28
pop,84,2021-06-28
pop rap,25,2021-06-28
post-teen pop,17,2021-06-28
rap,40,2021-06-28
rock,27,2021-06-28
contemporary country,15,2021-06-29
dance pop,45,2021-06-29
hip hop,23,2021-06-29
latin,14,2021-06-29
modern rock,17,2021-06-29
pop,79,2021-06-29
pop rap,34,2021-06-29
post-teen pop,13,2021-06-29
rap,35,2021-06-29
rock,40,2021-06-29
contemporary country,21,2021-06-30
dance pop,38,2021-06-30
hip hop,13,2021-06-30
latin,27,2021-06-30
modern rock,17,2021-06-30
pop,81,2021-06-30
pop rap,23,2021-06-30
post-teen pop,17,2021-06-30
rap,33,2021-06-30
rock,37,2021-06-30
contemporary country,21,2021-07-01
dance pop,48,2021-07-01
hip hop,16,2021-07-01
latin,17,2021-07-01
modern rock,14,2021-07-01
pop,105,2021-07-01
pop rap,23,2021-07-01
post-teen pop,25,2021-07-01
rap,29,2021-07-01
rock,29,2021-07-01
contemporary country,21,2021-07-02
dance pop,58,2021-07-02
hip hop,17,2021-07-02
latin,18,2021-07-02
modern rock,20,2021-07-02
pop,67,2021-07-02
pop rap,12,2021-07-02
post-teen pop,17,2021-07-02
rap,32,2021-07-02
rock,29,2021-07-02
contemporary country,15,2021-07-03
dance pop,47,2021-07-03
hip hop,26,2021-07-03
latin,24,2021-07-03
modern rock,14,2021-07-03
pop,85,2021-07-03
pop rap,28,2021-07-03
post-teen pop,21,2021-07-03
rap,31,2021-07-03
rock,31,2021-07-03
contemporary country,24,2021-07-04
dance pop,51,2021-07-04
hip hop,23,2021-07-04
latin,21,2021-07-04
modern rock,22,2021-07-04
pop,80,2021-07-04
pop rap,21,2021-07-04
post-teen pop,13,2021-07-04
rap,30,2021-07-04
rock,40,2021-07-04
contemporary country,15,2021-07-05
dance pop,51,2021-07-05
hip hop,12,2021-07-05
latin,20,2021-07-05
modern rock,12,2021-07-05
pop,90,2021-07-05
pop rap,21,2021-07-05
post-teen pop,23,2021-07-05
rap,32,2021-07-05
rock,26,2021-07-05
contemporary country,16,2021-07-06
dance pop,46,2021-07-06
hip hop,15,2021-07-06
latin,15,2021-07-06
modern rock,16,2021-07-06
pop,87,2021-07-06
pop rap,23,2021-07-06
post-teen pop,14,2021-07-06
rap,33,2021-07-06
rock,37,2021-07-06
contemporary country,23,2021-07-07
dance pop,52,2021-07-07
hip hop,13,2021-07-07
latin,23,2021-07-07
modern rock,17,2021-07-07
pop,77,2021-07-07
pop rap,27,2021-07-07
post-teen pop,12,2021-07-07
rap,38,2021-07-07
rock,36,2021-07-07
contemporary country,17,2021-07-08
dance pop,45,2021-07-08
hip hop,26,2021-07-08
latin,25,2021-07-08
modern rock,20,2021-07-08
pop,91,2021-07-08
pop rap,22,2021-07-08
post-teen pop,18,2021-07-08
rap,25,2021-07-08
rock,31,2021-07-08
contemporary country,8,2021-07-09
dance pop,48,2021-07-09
hip hop,15,2021-07-09
latin,26,2021-07-09
modern rock,9,2021-07-09
pop,88,2021-07-09
pop rap,20,2021-07-09
post-teen pop,15,2021-07-09
rap,30,2021-07-09
rock,33,2021-07-09
contemporary country,14,2021-07-10
dance pop,39,2021-07-10
hip hop,19,2021-07-10
latin,20,2021-07-10
modern rock,13,2021-07-10
pop,89,2021-07-10
pop rap,38,2021-07-10
post-teen pop,20,2021-07-10
rap,30,2021-07-10
rock,31,2021-07-10
contemporary country,22,2021-07-11
dance pop,59,2021-07-11
hip hop,16,2021-07-11
latin,21,2021-07-11
modern rock,21,2021-07-11
pop,77,2021-07-11
pop rap,23,2021-07-11
post-teen pop,22,2021-07-11
rap,32,2021-07-11
rock,39,2021-07-11
contemporary country,18,2021-07-12
dance pop,38,2021-07-12
hip hop,15,2021-07-12
latin,21,2021-07-12
modern rock,10,2021-07-12
pop,82,2021-07-12
pop rap,26,2021-07-12
post-teen pop,16,2021-07-12
rap,24,2021-07-12
rock,44,2021-07-12
contemporary country,21,2021-07-13
dance pop,55,2021-07-13
hip hop,19,2021-07-13
latin,19,2021-07-13
modern rock,19,2021-07-13
pop,83,2021-07-13
pop rap,32,2021-07-13
post-teen pop,16,2021-07-13
rap,28,2021-07-13
rock,42,2021-07-13
contemporary country,18,2021-07-14
dance pop,47,2021-07-14
hip hop,19,2021-07-14
latin,18,2021-07-14
modern rock,15,2021-07-14
pop,79,2021-07-14
pop rap,24,2021-07-14
post-teen pop,24,2021-07-14
rap,28,2021-07-14
rock,33,2021-07-14
contemporary country,20,2021-07-15
dance pop,35,2021-07-15
hip hop,10,2021-07-15
latin,19,2021-07-15
modern rock,17,2021-07-15
pop,83,2021-07-15
pop rap,24,2021-07-15
post-teen pop,25,2021-07-15
rap,22,2021-07-15
rock,26,2021-07-15
contemporary country,20,2021-07-16
dance pop,51,2021-07-16
hip hop,15,2021-07-16
latin,22,2021-07-16
modern rock,14,2021-07-16
pop,86,2021-07-16
pop rap,20,2021-07-16
post-teen pop,17,2021-07-16
rap,36,2021-07-16
rock,29,2021-07-16
contemporary country,15,2021-07-17
dance pop,47,2021-07-17
hip hop,16,2021-07-17
latin,26,2021-07-17
modern rock,21,2021-07-17
pop,78,2021-07-17
pop rap,26,2021-07-17
post-teen pop,20,2021-07-17
rap,37,2021-07-17
rock,33,2021-07-17
contemporary country,17,2021-07-18
dance pop,47,2021-07-18
hip hop,26,2021-07-18
latin,15,2021-07-18
modern rock,19,2021-07-18
pop,80,2021-07-18
pop rap,21,2021-07-18
post-teen pop,22,2021-07-18
rap,16,2021-07-18
rock,35,2021-07-18
contemporary country,19,2021-07-19
dance pop,46,2021-07-19
hip hop,20,2021-07-19
latin,19,2021-07-19
modern rock,15,2021-07-19
pop,82,2021-07-19
pop rap,16,2021-07-19
post-teen pop,13,2021-07-19
rap,30,2021-07-19
rock,30,2021-07-19
contemporary country,21,2021-07-20
dance pop,47,2021-07-20
hip hop,14,2021-07-20
latin,12,2021-07-20
modern rock,18,2021-07-20
pop,87,2021-07-20
pop rap,29,2021-07-20
post-teen pop,21,2021-07-20
rap,29,2021-07-20
rock,32,2021-07-20
contemporary country,11,2021-07-21
dance pop,35,2021-07-21
hip hop,15,2021-07-21
latin,16,2021-07-21
modern rock,16,2021-07-21
pop,77,2021-07-21
pop rap,25,2021-07-21
post-teen pop,16,2021-07-21
rap,35,2021-07-21
rock,29,2021-07-21
contemporary country,28,2021-07-22
dance pop,42,2021-07-22
hip hop,25,2021-07-22
latin,20,2021-07-22
modern rock,17,2021-07-22
pop,56,2021-07-22
pop rap,27,2021-07-22
post-teen pop,22,2021-07-22
rap,28,2021-07-22
rock,39,2021-07-22
contemporary country,11,2021-07-23
dance pop,43,2021-07-23
hip hop,17,2021-07-23
latin,31,2021-07-23
modern rock,18,2021-07-23
pop,76,2021-07-23
pop rap,20,2021-07-23
post-teen pop,10,2021-07-23
rap,25,2021-07-23
rock,40,2021-07-23
contemporary country,15,2021-07-24
dance pop,47,2021-07-24
hip hop,16,2021-07-24
latin,30,2021-07-24
modern rock,11,2021-07-24
pop,87,2021-07-24
pop rap,25,2021-07-24
post-teen pop,17,2021-07-24
rap,32,2021-07-24
rock,25,2021-07-24
contemporary country,15,2021-07-25
dance pop,54,2021-07-25
hip hop,21,2021-07-25
latin,20,2021-07-25
modern rock,22,2021-07-25
pop,76,2021-07-25
pop rap,22,2021-07-25
post-teen pop,17,2021-07-25
rap,28,2021-07-25
rock,21,2021-07-25
contemporary country,13,2021-07-26
dance pop,51,2021-07-26
hip hop,17,2021-07-26
latin,28,2021-07-26
modern rock,22,2021-07-26
pop,81,2021-07-26
pop rap,24,2021-07-26
post-teen pop,21,2021-07-26
rap,30,2021-07-26
rock,34,2021-07-26
contemporary country,19,2021-07-27
dance pop,48,2021-07-27
hip hop,17,2021-07-27
latin,17,2021-07-27
modern rock,18,2021-07-27
pop,90,2021-07-27
pop rap,21,2021-07-27
post-teen pop,15,2021-07-27
rap,37,2021-07-27
rock,30,2021-07-27
contemporary country,18,2021-07-28
dance pop,48,2021-07-28
hip hop,18,2021-07-28
latin,23,2021-07-28
modern rock,15,2021-07-28
pop,72,2021-07-28
pop rap,27,2021-07-28
post-teen pop,20,2021-07-28
rap,36,2021-07-28
rock,45,2021-07-28
contemporary country,20,2021-07-29
dance pop,46,2021-07-29
hip hop,12,2021-07-29
latin,20,2021-07-29
modern rock,15,2021-07-29
pop,72,2021-07-29
pop rap,23,2021-07-29
post-teen pop,17,2021-07-29
rap,31,2021-07-29
rock,37,2021-07-29
contemporary country,13,2021-07-30
dance pop,50,2021-07-30
hip hop,11,2021-07-30
latin,26,2021-07-30
modern rock,17,2021-07-30
pop,88,2021-07-30
pop rap,19,2021-07-30
post-teen pop,23,2021-07-30
rap,32,2021-07-30
rock,23,2021-07-30
contemporary country,24,2021-07-31
dance pop,41,2021-07-31
hip hop,12,2021-07-31
latin,19,2021-07-31
modern rock,18,2021-07-31
pop,70,2021-07-31
pop rap,25,2021-07-31
post-teen pop,19,2021-07-31
rap,39,2021-07-31
rock,28,2021-07-31
contemporary country,18,2021-08-01
dance pop,38,2021-08-01
hip hop,18,2021-08-01
latin,16,2021-08-01
modern rock,12,2021-08-01
pop,68,2021-08-01
pop rap,26,2021-08-01
post-teen pop,23,2021-08-01
rap,38,2021-08-01
rock,34,2021-08-01
contemporary country,23,2021-08-02
dance pop,49,2021-08-02
hip hop,18,2021-08-02
latin,9,2021-08-02
modern rock,18,2021-08-02
pop,74,2021-08-02
pop rap,20,2021-08-02
post-teen pop,21,2021-08-02
rap,32,2021-08-02
rock,40,2021-08-02
contemporary country,18,2021-08-03
dance pop,35,2021-08-03
hip hop,18,2021-08-03
latin,22,2021-08-03
modern rock,22,2021-08-03
pop,80,2021-08-03
pop rap,25,2021-08-03
post-teen pop,16,2021-08-03
rap,34,2021-08-03
rock,36,2021-08-03
contemporary country,16,2021-08-04
dance pop,46,2021-08-04
hip hop,19,2021-08-04
latin,17,2021-08-04
modern rock,20,2021-08-04
pop,89,2021-08-04
pop rap,26,2021-08-04
post-teen pop,18,2021-08-04
rap,34,2021-08-04
rock,28,2021-08-04
contemporary country,25,2021-08-05
dance pop,36,2021-08-05
hip hop,11,2021-08-05
latin,22,2021-08-05
modern rock,13,2021-08-05
pop,69,2021-08-05
pop rap,26,2021-08-05
post-teen pop,16,2021-08-05
rap,35,2021-08-05
rock,32,2021-08-05
contemporary country,19,2021-08-06
dance pop,41,2021-08-06
hip hop,21,2021-08-06
latin,20,2021-08-06
modern rock,11,2021-08-06
pop,91,2021-08-06
pop rap,32,2021-08-06
post-teen pop,19,2021-08-06
rap,16,2021-08-06
rock,39,2021-08-06
contemporary country,27,2021-08-07
dance pop,50,2021-08-07
hip hop,11,2021-08-07
latin,21,2021-08-07
modern rock,20,2021-08-07
pop,70,2021-08-07
pop rap,25,2021-08-07
post-teen pop,14,2021-08-07
rap,31,2021-08-07
rock,40,2021-08-07
contemporary country,15,2021-08-08
dance pop,49,2021-08-08
hip hop,24,2021-08-08
latin,25,2021-08-08
modern rock,11,2021-08-08
pop,82,2021-08-08
pop rap,20,2021-08-08
post-teen pop,16,2021-08-08
rap,28,2021-08-08
rock,42,2021-08-08
contemporary country,21,2021-08-09
dance pop,45,2021-08-09
hip hop,20,2021-08-09
latin,24,2021-08-09
modern rock,15,2021-08-09
pop,93,2021-08-09
pop rap,34,2021-08-09
post-teen pop,12,2021-08-09
rap,32,2021-08-09
rock,32,2021-08-09
contemporary country,15,2021-08-10
dance pop,43,2021-08-10
hip hop,12,2021-08-10
latin,19,2021-08-10
modern rock,17,2021-08-10
pop,88,2021-08-10
pop rap,23,2021-08-10
post-teen pop,19,2021-08-10
rap,31,2021-08-10
rock,30,2021-08-10
contemporary country,18,2021-08-11
dance pop,40,2021-08-11
hip hop,22,2021-08-11
latin,20,2021-08-11
modern rock,16,2021-08-11
pop,85,2021-08-11
pop rap,30,2021-08-11
post-teen pop,21,2021-08-11
rap,26,2021-08-11
rock,30,2021-08-11
contemporary country,12,2021-08-12
dance pop,50,2021-08-12
hip hop,31,2021-08-12
latin,20,2021-08-12
modern rock,17,2021-08-12
pop,66,2021-08-12
pop rap,25,2021-08-12
post-teen pop,15,2021-08-12
rap,28,2021-08-12
rock,27,2021-08-12
contemporary country,15,2021-08-13
dance pop,45,2021-08-13
hip hop,27,2021-08-13
latin,23,2021-08-13
modern rock,14,2021-08-13
pop,75,2021-08-13
pop rap,23,2021-08-13
post-teen pop,18,2021-08-13
rap,35,2021-08-13
rock,39,2021-08-13
contemporary country,19,2021-08-14
dance pop,52,2021-08-14
hip hop,19,2021-08-14
latin,19,2021-08-14
modern rock,13,2021-08-14
pop,89,2021-08-14
pop rap,20,2021-08-14
post-teen pop,17,2021-08-14
rap,27,2021-08-14
rock,33,2021-08-14
contemporary country,17,2021-08-15
dance pop,44,2021-08-15
hip hop,19,2021-08-15
latin,13,2021-08-15
modern rock,16,2021-08-15
pop,85,2021-08-15
pop rap,21,2021-08-15
post-teen pop,12,2021-08-15
rap,23,2021-08-15
rock,32,2021-08-15
contemporary country,12,2021-08-16
dance pop,36,2021-08-16
hip hop,20,2021-08-16
latin,19,2021-08-16
modern rock,19,2021-08-16
pop,83,2021-08-16
pop rap,14,2021-08-16
post-teen pop,16,2021-08-16
rap,16,2021-08-16
rock,28,2021-08-16
contemporary country,24,2021-08-17
dance pop,54,2021-08-17
hip hop,16,2021-08-17
latin,26,2021-08-17
modern rock,18,2021-08-17
pop,96,2021-08-17
pop rap,26,2021-08-17
post-teen pop,14,2021-08-17
rap,26,2021-08-17
rock,36,2021-08-17
contemporary country,18,2021-08-18
dance pop,49,2021-08-18
hip hop,14,2021-08-18
latin,17,2021-08-18
modern rock,16,2021-08-18
pop,84,2021-08-18
pop rap,31,2021-08-18
post-teen pop,18,2021-08-18
rap,41,2021-08-18
rock,28,2021-08-18
contemporary country,14,2021-08-19
dance pop,56,2021-08-19
hip hop,16,2021-08-19
latin,13,2021-08-19
modern rock,9,2021-08-19
pop,78,2021-08-19
pop rap,21,2021-08-19
post-teen pop,16,2021-08-19
rap,35,2021-08-19
rock,34,2021-08-19
contemporary country,25,2021-08-20
dance pop,52,2021-08-20
hip hop,17,2021-08-20
latin,29,2021-08-20
modern rock,15,2021-08-20
pop,96,2021-08-20
pop rap,25,2021-08-20
post-teen pop,16,2021-08-20
rap,36,2021-08-20
rock,32,2021-08-20
contemporary country,17,2021-08-21
dance pop,45,2021-08-21
hip hop,21,2021-08-21
latin,25,2021-08-21
modern rock,13,2021-08-21
pop,87,2021-08-21
pop rap,29,2021-08-21
post-teen pop,15,2021-08-21
rap,29,2021-08-21
rock,31,2021-08-21
contemporary country,19,2021-08-22
dance pop,45,2021-08-22
hip hop,16,2021-08-22
latin,21,2021-08-22
modern rock,15,2021-08-22
pop,79,2021-08-22
pop rap,20,2021-08-22
post-teen pop,16,2021-08-22
rap,25,2021-08-22
rock,26,2021-08-22
contemporary country,15,2021-08-23
dance pop,50,2021-08-23
hip hop,21,2021-08-23
latin,18,2021-08-23
modern rock,20,2021-08-23
pop,81,2021-08-23
pop rap,16,2021-08-23
post-teen pop,15,2021-08-23
rap,33,2021-08-23
rock,39,2021-08-23
contemporary country,12,2021-08-24
dance pop,52,2021-08-24
hip hop,12,2021-08-24
latin,21,2021-08-24
modern rock,18,2021-08-24
pop,90,2021-08-24
pop rap,20,2021-08-24
post-teen pop,17,2021-08-24
rap,35,2021-08-24
rock,31,2021-08-24
contemporary country,26,2021-08-25
dance pop,37,2021-08-25
hip hop,22,2021-08-25
latin,18,2021-08-25
modern rock,13,2021-08-25
pop,73,2021-08-25
pop rap,31,2021-08-25
post-teen pop,15,2021-08-25
rap,27,2021-08-25
rock,40,2021-08-25
contemporary country,14,2021-08-26
dance pop,43,2021-08-26
hip hop,21,2021-08-26
latin,16,2021-08-26
modern rock,15,2021-08-26
pop,86,2021-08-26
pop rap,27,2021-08-26
post-teen pop,16,2021-08-26
rap,28,2021-08-26
rock,32,2021-08-26
contemporary country,20,2021-08-27
dance pop,46,2021-08-27
hip hop,20,2021-08-27
latin,15,2021-08-27
modern rock,25,2021-08-27
pop,69,2021-08-27
pop rap,17,2021-08-27
post-teen pop,17,2021-08-27
rap,25,2021-08-27
rock,52,2021-08-27
contemporary country,12,2021-08-28
dance pop,54,2021-08-28
hip hop,23,2021-08-28
latin,19,2021-08-28
modern rock,10,2021-08-28
pop,71,2021-08-28
pop rap,18,2021-08-28
post-teen pop,14,2021-08-28
rap,32,2021-08-28
rock,34,2021-08-28
contemporary country,16,2021-08-29
dance pop,37,2021-08-29
hip hop,14,2021-08-29
latin,21,2021-08-29
modern rock,15,2021-08-29
pop,76,2021-08-29
pop rap,28,2021-08-29
post-teen pop,16,2021-08-29
rap,30,2021-08-29
rock,39,2021-08-29
contemporary country,21,2021-08-30
dance pop,35,2021-08-30
hip hop,13,2021-08-30
latin,23,2021-08-30
modern rock,16,2021-08-30
pop,68,2021-08-30
pop rap,20,2021-08-30
post-teen pop,13,2021-08-30
rap,27,2021-08-30
rock,42,2021-08-30
contemporary country,17,2021-08-31
dance pop,37,2021-08-31
hip hop,18,2021-08-31
latin,20,2021-08-31
modern rock,17,2021-08-31
pop,82,2021-08-31
pop rap,33,2021-08-31
post-teen pop,10,2021-08-31
rap,34,2021-08-31
rock,33,2021-08-31
contemporary country,17,2021-09-01
dance pop,57,2021-09-01
hip hop,23,2021-09-01
latin,19,2021-09-01
modern rock,21,2021-09-01
pop,87,2021-09-01
pop rap,23,2021-09-01
post-teen pop,17,2021-09-01
rap,30,2021-09-01
rock,36,2021-09-01
contemporary country,25,2021-09-02
dance pop,41,2021-09-02
hip hop,19,2021-09-02
latin,22,2021-09-02
modern rock,13,2021-09-02
pop,85,2021-09-02
pop rap,25,2021-09-02
post-teen pop,19,2021-09-02
rap,37,2021-09-02
rock,37,2021-09-02
contemporary country,17,2021-09-03
dance pop,44,2021-09-03
hip hop,24,2021-09-03
latin,10,2021-09-03
modern rock,23,2021-09-03
pop,81,2021-09-03
pop rap,16,2021-09-03
post-teen pop,14,2021-09-03
rap,24,2021-09-03
rock,33,2021-09-03
contemporary country,21,2021-09-04
dance pop,39,2021-09-04
hip hop,16,2021-09-04
latin,22,2021-09-04
modern rock,20,2021-09-04
pop,88,2021-09-04
pop rap,25,2021-09-04
post-teen pop,12,2021-09-04
rap,34,2021-09-04
rock,34,2021-09-04
contemporary country,20,2021-09-05
dance pop,44,2021-09-05
hip hop,18,2021-09-05
latin,19,2021-09-05
modern rock,15,2021-09-05
pop,86,2021-09-05
pop rap,16,2021-09-05
post-teen pop,19,2021-09-05
rap,31,2021-09-05
rock,22,2021-09-05
contemporary country,18,2021-09-06
dance pop,56,2021-09-06
hip hop,11,2021-09-06
latin,23,2021-09-06
modern rock,13,2021-09-06
pop,85,2021-09-06
pop rap,24,2021-09-06
post-teen pop,21,2021-09-06
rap,34,2021-09-06
rock,38,2021-09-06
contemporary country,15,2021-09-07
dance pop,43,2021-09-07
hip hop,15,2021-09-07
latin,24,2021-09-07
modern rock,23,2021-09-07
pop,83,2021-09-07
pop rap,32,2021-09-07
post-teen pop,20,2021-09-07
rap,34,2021-09-07
rock,45,2021-09-07
contemporary country,18,2021-09-08
dance pop,40,2021-09-08
hip hop,9,2021-09-08
latin,18,2021-09-08
modern rock,15,2021-09-08
pop,69,2021-09-08
pop rap,23,2021-09-08
post-teen pop,20,2021-09-08
rap,23,2021-09-08
rock,32,2021-09-08
contemporary country,16,2021-09-09
dance pop,37,2021-09-09
hip hop,22,2021-09-09
latin,21,2021-09-09
modern rock,24,2021-09-09
pop,73,2021-09-09
pop rap,24,2021-09-09
post-teen pop,11,2021-09-09
rap,21,2021-09-09
rock,37,2021-09-09
contemporary country,18,2021-09-10
dance pop,38,2021-09-10
hip hop,24,2021-09-10
latin,32,2021-09-10
modern rock,17,2021-09-10
pop,90,2021-09-10
pop rap,22,2021-09-10
post-teen pop,20,2021-09-10
rap,31,2021-09-10
rock,33,2021-09-10
contemporary country,19,2021-09-11
dance pop,50,2021-09-11
hip hop,21,2021-09-11
latin,9,2021-09-11
modern rock,19,2021-09-11
pop,74,2021-09-11
pop rap,17,2021-09-11
post-teen pop,12,2021-09-11
rap,31,2021-09-11
rock,42,2021-09-11
contemporary country,26,2021-09-12
dance pop,36,2021-09-12
hip hop,24,2021-09-12
latin,22,2021-09-12
modern rock,12,2021-09-12
pop,72,2021-09-12
pop rap,20,2021-09-12
post-teen pop,15,2021-09-12
rap,35,2021-09-12
rock,46,2021-09-12
contemporary country,8,2021-09-13
dance pop,38,2021-09-13
hip hop,18,2021-09-13
latin,25,2021-09-13
modern rock,16,2021-09-13
pop,93,2021-09-13
pop rap,18,2021-09-13
post-teen pop,20,2021-09-13
rap,27,2021-09-13
rock,35,2021-09-13
contemporary country,23,2021-09-14
dance pop,47,2021-09-14
hip hop,19,2021-09-14
latin,20,2021-09-14
modern rock,12,2021-09-14
pop,77,2021-09-14
pop rap,25,2021-09-14
post-teen pop,23,2021-09-14
rap,26,2021-09-14
rock,37,2021-09-14
contemporary country,21,2021-09-15
dance pop,45,2021-09-15
hip hop,23,2021-09-15
latin,24,2021-09-15
modern rock,17,2021-09-15
pop,84,2021-09-15
pop rap,21,2021-09-15
post-teen pop,19,2021-09-15
rap,37,2021-09-15
rock,31,2021-09-15
contemporary country,16,2021-09-16
dance pop,42,2021-09-16
hip hop,12,2021-09-16
latin,25,2021-09-16
modern rock,24,2021-09-16
pop,74,2021-09-16
pop rap,27,2021-09-16
post-teen pop,23,2021-09-16
rap,32,2021-09-16
rock,26,2021-09-16
contemporary country,23,2021-09-17
dance pop,37,2021-09-17
hip hop,17,2021-09-17
latin,24,2021-09-17
modern rock,14,2021-09-17
pop,82,2021-09-17
pop rap,24,2021-09-17
post-teen pop,13,2021-09-17
rap,29,2021-09-17
rock,43,2021-09-17
contemporary country,15,2021-09-18
dance pop,44,2021-09-18
hip hop,24,2021-09-18
latin,26,2021-09-18
modern rock,22,2021-09-18
pop,81,2021-09-18
pop rap,19,2021-09-18
post-teen pop,11,2021-09-18
rap,25,2021-09-18
rock,32,2021-09-18
contemporary country,24,2021-09-19
dance pop,57,2021-09-19
hip hop,17,2021-09-19
latin,13,2021-09-19
modern rock,18,2021-09-19
pop,89,2021-09-19
pop rap,22,2021-09-19
post-teen pop,15,2021-09-19
rap,26,2021-09-19
rock,30,2021-09-19
contemporary country,18,2021-09-20
dance pop,50,2021-09-20
hip hop,12,2021-09-20
latin,22,2021-09-20
modern rock,20,2021-09-20
pop,89,2021-09-20
pop rap,18,2021-09-20
post-teen pop,13,2021-09-20
rap,39,2021-09-20
rock,42,2021-09-20
contemporary country,17,2021-09-21
dance pop,55,2021-09-21
hip hop,21,2021-09-21
latin,20,2021-09-21
modern rock,21,2021-09-21
pop,87,2021-09-21
pop rap,26,2021-09-21
post-teen pop,17,2021-09-21
rap,25,2021-09-21
rock,36,2021-09-21
contemporary country,25,2021-09-22
dance pop,47,2021-09-22
hip hop,21,2021-09-22
latin,26,2021-09-22
modern rock,13,2021-09-22
pop,67,2021-09-22
pop rap,24,2021-09-22
post-teen pop,14,2021-09-22
rap,27,2021-09-22
rock,41,2021-09-22
contemporary country,28,2021-09-23
dance pop,57,2021-09-23
hip hop,17,2021-09-23
latin,23,2021-09-23
modern rock,20,2021-09-23
pop,70,2021-09-23
pop rap,27,2021-09-23
post-teen pop,13,2021-09-23
rap,31,2021-09-23
rock,26,2021-09-23
contemporary country,15,2021-09-24
dance pop,53,2021-09-24
hip hop,28,2021-09-24
latin,27,2021-09-24
modern rock,23,2021-09-24
pop,80,2021-09-24
pop rap,29,2021-09-24
post-teen pop,18,2021-09-24
rap,44,2021-09-24
rock,31,2021-09-24
contemporary country,27,2021-09-25
dance pop,48,2021-09-25
hip hop,20,2021-09-25
latin,15,2021-09-25
modern rock,21,2021-09-25
pop,70,2021-09-25
pop rap,23,2021-09-25
post-teen pop,18,2021-09-25
rap,29,2021-09-25
rock,39,2021-09-25
contemporary country,24,2021-09-26
dance pop,46,2021-09-26
hip hop,26,2021-09-26
latin,20,2021-09-26
modern rock,18,2021-09-26
pop,73,2021-09-26
pop rap,26,2021-09-26
post-teen pop,18,2021-09-26
rap,34,2021-09-26
rock,40,2021-09-26
contemporary country,15,2021-09-27
dance pop,62,2021-09-27
hip hop,20,2021-09-27
latin,13,2021-09-27
modern rock,18,2021-09-27
pop,77,2021-09-27
pop rap,23,2021-09-27
post-teen pop,20,2021-09-27
rap,30,2021-09-27
rock,40,2021-09-27
contemporary country,21,2021-09-28
dance pop,49,2021-09-28
hip hop,16,2021-09-28
latin,17,2021-09-28
modern rock,17,2021-09-28
pop,83,2021-09-28
pop rap,25,2021-09-28
post-teen pop,18,2021-09-28
rap,27,2021-09-28
rock,45,2021-09-28
contemporary country,22,2021-09-29
dance pop,55,2021-09-29
hip hop,21,2021-09-29
latin,20,2021-09-29
modern rock,22,2021-09-29
pop,78,2021-09-29
pop rap,33,2021-09-29
post-teen pop,22,2021-09-29
rap,25,2021-09-29
rock,38,2021-09-29
contemporary country,20,2021-09-30
dance pop,50,2021-09-30
hip hop,14,2021-09-30
latin,16,2021-09-30
modern rock,17,2021-09-30
pop,75,2021-09-30
pop rap,22,2021-09-30
post-teen pop,15,2021-09-30
rap,36,2021-09-30
rock,35,2021-09-30
contemporary country,15,2021-10-01
dance pop,37,2021-10-01
hip hop,21,2021-10-01
latin,24,2021-10-01
modern rock,10,2021-10-01
pop,106,2021-10-01
pop rap,23,2021-10-01
post-teen pop,21,2021-10-01
rap,36,2021-10-01
rock,43,2021-10-01
contemporary country,15,2021-10-02
dance pop,51,2021-10-02
hip hop,16,2021-10-02
latin,21,2021-10-02
modern rock,19,2021-10-02
pop,85,2021-10-02
pop rap,30,2021-10-02
post-teen pop,20,2021-10-02
rap,37,2021-10-02
rock,32,2021-10-02
contemporary country,20,2021-10-03
dance pop,49,2021-10-03
hip hop,17,2021-10-03
latin,17,2021-10-03
modern rock,16,2021-10-03
pop,83,2021-10-03
pop rap,28,2021-10-03
post-teen pop,15,2021-10-03
rap,37,2021-10-03
rock,36,2021-10-03
contemporary country,21,2021-10-04
dance pop,42,2021-10-04
hip hop,24,2021-10-04
latin,20,2021-10-04
modern rock,15,2021-10-04
pop,79,2021-10-04
pop rap,34,2021-10-04
post-teen pop,10,2021-10-04
rap,37,2021-10-04
rock,39,2021-10-04
contemporary country,26,2021-10-05
dance pop,42,2021-10-05
hip hop,26,2021-10-05
latin,18,2021-10-05
modern rock,21,2021-10-05
pop,82,2021-10-05
pop rap,17,2021-10-05
post-teen pop,16,2021-10-05
rap,37,2021-10-05
rock,36,2021-10-05
contemporary country,25,2021-10-06
dance pop,60,2021-10-06
hip hop,19,2021-10-06
latin,22,2021-10-06
modern rock,15,2021-10-06
pop,87,2021-10-06
pop rap,24,2021-10-06
post-teen pop,21,2021-10-06
rap,26,2021-10-06
rock,33,2021-10-06
contemporary country,22,2021-10-07
dance pop,53,2021-10-07
hip hop,14,2021-10-07
latin,16,2021-10-07
modern rock,16,2021-10-07
pop,93,2021-10-07
pop rap,21,2021-10-07
post-teen pop,27,2021-10-07
rap,39,2021-10-07
rock,35,2021-10-07
contemporary country,15,2021-10-08
dance pop,38,2021-10-08
hip hop,19,2021-10-08
latin,22,2021-10-08
modern rock,17,2021-10-08
pop,90,2021-10-08
pop rap,31,2021-10-08
post-teen pop,15,2021-10-08
rap,29,2021-10-08
rock,40,2021-10-08
contemporary country,12,2021-10-09
dance pop,52,2021-10-09
hip hop,19,2021-10-09
latin,23,2021-10-09
modern rock,17,2021-10-09
pop,88,2021-10-09
pop rap,22,2021-10-09
post-teen pop,12,2021-10-09
rap,19,2021-10-09
rock,26,2021-10-09
contemporary country,19,2021-10-10
dance pop,51,2021-10-10
hip hop,17,2021-10-10
latin,14,2021-10-10
modern rock,16,2021-10-10
pop,89,2021-10-10
pop rap,18,2021-10-10
post-teen pop,14,2021-10-10
rap,23,2021-10-10
rock,33,2021-10-10
contemporary country,22,2021-10-11
dance pop,43,2021-10-11
hip hop,9,2021-10-11
latin,25,2021-10-11
modern rock,26,2021-10-11
pop,92,2021-10-11
pop rap,22,2021-10-11
post-teen pop,14,2021-10-11
rap,36,2021-10-11
rock,27,2021-10-11
contemporary country,23,2021-10-12
dance pop,46,2021-10-12
hip hop,18,2021-10-12
latin,20,2021-10-12
modern rock,14,2021-10-12
pop,73,2021-10-12
pop rap,26,2021-10-12
post-teen pop,22,2021-10-12
rap,30,2021-10-12
rock,33,2021-10-12
contemporary country,23,2021-10-13
dance pop,36,2021-10-13
hip hop,14,2021-10-13
latin,12,2021-10-13
modern rock,24,2021-10-13
pop,91,2021-10-13
pop rap,27,2021-10-13
post-teen pop,15,2021-10-13
rap,26,2021-10-13
rock,42,2021-10-13
contemporary country,9,2021-10-14
dance pop,58,2021-10-14
hip hop,23,2021-10-14
latin,16,2021-10-14
modern rock,16,2021-10-14
pop,84,2021-10-14
pop rap,22,2021-10-14
post-teen pop,20,2021-10-14
rap,27,2021-10-14
rock,34,2021-10-14
contemporary country,22,2021-10-15
dance pop,52,2021-10-15
hip hop,19,2021-10-15
latin,18,2021-10-15
modern rock,13,2021-10-15
pop,84,2021-10-15
pop rap,16,2021-10-15
post-teen pop,18,2021-10-15
rap,25,2021-10-15
rock,33,2021-10-15
contemporary country,22,2021-10-16
dance pop,29,2021-10-16
hip hop,17,2021-10-16
latin,22,2021-10-16
modern rock,11,2021-10-16
pop,84,2021-10-16
pop rap,26,2021-10-16
post-teen pop,16,2021-10-16
rap,29,2021-10-16
rock,35,2021-10-16
contemporary country,14,2021-10-17
dance pop,42,2021-10-17
hip hop,18,2021-10-17
latin,14,2021-10-17
modern rock,24,2021-10-17
pop,90,2021-10-17
pop rap,28,2021-10-17
post-teen pop,14,2021-10-17
rap,34,2021-10-17
rock,36,2021-10-17
contemporary country,16,2021-10-18
dance pop,35,2021-10-18
hip hop,22,2021-10-18
latin,17,2021-10-18
modern rock,21,2021-10-18
pop,72,2021-10-18
pop rap,24,2021-10-18
post-teen pop,14,2021-10-18
rap,25,2021-10-18
rock,31,2021-10-18
contemporary country,18,2021-10-19
dance pop,57,2021-10-19
hip hop,20,2021-10-19
latin,18,2021-10-19
modern rock,11,2021-10-19
pop,82,2021-10-19
pop rap,25,2021-10-19
post-teen pop,18,2021-10-19
rap,34,2021-10-19
rock,28,2021-10-19
contemporary country,18,2021-10-20
dance pop,55,2021-10-20
hip hop,25,2021-10-20
latin,12,2021-10-20
modern rock,24,2021-10-20
pop,75,2021-10-20
pop rap,26,2021-10-20
post-teen pop,18,2021-10-20
rap,35,2021-10-20
rock,30,2021-10-20
contemporary country,26,2021-10-21
dance pop,45,2021-10-21
hip hop,21,2021-10-21
latin,23,2021-10-21
modern rock,13,2021-10-21
pop,91,2021-10-21
pop rap,25,2021-10-21
post-teen pop,19,2021-10-21
rap,34,2021-10-21
rock,37,2021-10-21
contemporary country,18,2021-10-22
dance pop,51,2021-10-22
hip hop,17,2021-10-22
latin,15,2021-10-22
modern rock,15,2021-10-22
pop,86,2021-10-22
pop rap,29,2021-10-22
post-teen pop,18,2021-10-22
rap,31,2021-10-22
rock,28,2021-10-22
contemporary country,24,2021-10-23
dance pop,46,2021-10-23
hip hop,28,2021-10-23
latin,23,2021-10-23
modern rock,11,2021-10-23
pop,92,2021-10-23
pop rap,21,2021-10-23
post-teen pop,25,2021-10-23
rap,25,2021-10-23
rock,34,2021-10-23
contemporary country,22,2021-10-24
dance pop,48,2021-10-24
hip hop,13,2021-10-24
latin,20,2021-10-24
modern rock,19,2021-10-24
pop,70,2021-10-24
pop rap,30,2021-10-24
post-teen pop,11,2021-10-24
rap,25,2021-10-24
rock,43,2021-10-24
contemporary country,17,2021-10-25
dance pop,44,2021-10-25
hip hop,15,2021-10-25
latin,15,2021-10-25
modern rock,20,2021-10-25
pop,81,2021-10-25
pop rap,22,2021-10-25
post-teen pop,23,2021-10-25
rap,31,2021-10-25
rock,40,2021-10-25
contemporary country,21,2021-10-26
dance pop,43,2021-10-26
hip hop,20,2021-10-26
latin,26,2021-10-26
modern rock,17,2021-10-26
pop,87,2021-10-26
pop rap,22,2021-10-26
post-teen pop,21,2021-10-26
rap,21,2021-10-26
rock,26,2021-10-26
contemporary country,19,2021-10-27
dance pop,51,2021-10-27
hip hop,28,2021-10-27
latin,25,2021-10-27
modern rock,19,2021-10-27
pop,85,2021-10-27
pop rap,20,2021-10-27
post-teen pop,15,2021-10-27
rap,32,2021-10-27
rock,41,2021-10-27
contemporary country,20,2021-10-28
dance pop,41,2021-10-28
hip hop,11,2021-10-28
latin,14,2021-10-28
modern rock,15,2021-10-28
pop,81,2021-10-28
pop rap,20,2021-10-28
post-teen pop,10,2021-10-28
rap,22,2021-10-28
rock,33,2021-10-28
contemporary country,16,2021-10-29
dance pop,44,2021-10-29
hip hop,20,2021-10-29
latin,17,2021-10-29
modern rock,18,2021-10-29
pop,87,2021-10-29
pop rap,28,2021-10-29
post-teen pop,16,2021-10-29
rap,30,2021-10-29
rock,29,2021-10-29
contemporary country,17,2021-10-30
dance pop,61,2021-10-30
hip hop,17,2021-10-30
latin,19,2021-10-30
modern rock,17,2021-10-30
pop,80,2021-10-30
pop rap,27,2021-10-30
post-teen pop,15,2021-10-30
rap,25,2021-10-30
rock,27,2021-10-30
contemporary country,22,2021-10-31
dance pop,58,2021-10-31
hip hop,16,2021-10-31
latin,16,2021-10-31
modern rock,17,2021-10-31
pop,70,2021-10-31
pop rap,24,2021-10-31
post-teen pop,12,2021-10-31
rap,31,2021-10-31
rock,40,2021-10-31
contemporary country,34,2021-11-01
dance pop,64,2021-11-01
hip hop,40,2021-11-01
latin,33,2021-11-01
modern rock,32,2021-11-01
pop,170,2021-11-01
pop rap,39,2021-11-01
post-teen pop,35,2021-11-01
rap,52,2021-11-01
rock,61,2021-11-01
contemporary country,15,2021-11-02
dance pop,52,2021-11-02
hip hop,16,2021-11-02
latin,22,2021-11-02
modern rock,16,2021-11-02
pop,75,2021-11-02
pop rap,33,2021-11-02
post-teen pop,16,2021-11-02
rap,31,2021-11-02
rock,36,2021-11-02
contemporary country,13,2021-11-03
dance pop,43,2021-11-03
hip hop,21,2021-11-03
latin,15,2021-11-03
modern rock,21,2021-11-03
pop,85,2021-11-03
pop rap,29,2021-11-03
post-teen pop,20,2021-11-03
rap,37,2021-11-03
rock,28,2021-11-03
contemporary country,13,2021-11-04
dance pop,38,2021-11-04
hip hop,19,2021-11-04
latin,20,2021-11-04
modern rock,17,2021-11-04
pop,82,2021-11-04
pop rap,22,2021-11-04
post-teen pop,24,2021-11-04
rap,18,2021-11-04
rock,37,2021-11-04
contemporary country,16,2021-11-05
dance pop,47,2021-11-05
hip hop,20,2021-11-05
latin,22,2021-11-05
modern rock,19,2021-11-05
pop,66,2021-11-05
pop rap,22,2021-11-05
post-teen pop,9,2021-11-05
rap,34,2021-11-05
rock,35,2021-11-05
contemporary country,22,2021-11-06
dance pop,55,2021-11-06
hip hop,11,2021-11-06
latin,25,2021-11-06
modern rock,16,2021-11-06
pop,77,2021-11-06
pop rap,32,2021-11-06
post-teen pop,23,2021-11-06
rap,27,2021-11-06
rock,33,2021-11-06
contemporary country,16,2021-11-07
dance pop,38,2021-11-07
hip hop,19,2021-11-07
latin,19,2021-11-07
modern rock,14,2021-11-07
pop,69,2021-11-07
pop rap,22,2021-11-07
post-teen pop,11,2021-11-07
rap,27,2021-11-07
rock,30,2021-11-07
contemporary country,17,2021-11-08
dance pop,45,2021-11-08
hip hop,21,2021-11-08
latin,28,2021-11-08
modern rock,13,2021-11-08
pop,72,2021-11-08
pop rap,18,2021-11-08
post-teen pop,35,2021-11-08
rap,27,2021-11-08
rock,41,2021-11-08
contemporary country,13,2021-11-09
dance pop,44,2021-11-09
hip hop,18,2021-11-09
latin,16,2021-11-09
modern rock,20,2021-11-09
pop,78,2021-11-09
pop rap,30,2021-11-09
post-teen pop,12,2021-11-09
rap,22,2021-11-09
rock,30,2021-11-09
contemporary country,20,2021-11-10
dance pop,60,2021-11-10
hip hop,18,2021-11-10
latin,26,2021-11-10
modern rock,18,2021-11-10
pop,89,2021-11-10
pop rap,23,2021-11-10
post-teen pop,12,2021-11-10
rap,31,2021-11-10
rock,29,2021-11-10
contemporary country,20,2021-11-11
dance pop,51,2021-11-11
hip hop,18,2021-11-11
latin,19,2021-11-11
modern rock,16,2021-11-11
pop,87,2021-11-11
pop rap,23,2021-11-11
post-teen pop,16,2021-11-11
rap,35,2021-11-11
rock,38,2021-11-11
contemporary country,13,2021-11-12
dance pop,41,2021-11-12
hip hop,26,2021-11-12
latin,13,2021-11-12
modern rock,11,2021-11-12
pop,75,2021-11-12
pop rap,17,2021-11-12
post-teen pop,16,2021-11-12
rap,17,2021-11-12
rock,30,2021-11-12
contemporary country,18,2021-11-13
dance pop,46,2021-11-13
hip hop,17,2021-11-13
latin,28,2021-11-13
modern rock,7,2021-11-13
pop,85,2021-11-13
pop rap,20,2021-11-13
post-teen pop,14,2021-11-13
rap,29,2021-11-13
rock,39,2021-11-13
contemporary country,20,2021-11-14
dance pop,43,2021-11-14
hip hop,15,2021-11-14
latin,20,2021-11-14
modern rock,17,2021-11-14
pop,73,2021-11-14
pop rap,25,2021-11-14
post-teen pop,22,2021-11-14
rap,32,2021-11-14
rock,45,2021-11-14
contemporary country,10,2021-11-15
dance pop,43,2021-11-15
hip hop,14,2021-11-15
latin,24,2021-11-15
modern rock,19,2021-11-15
pop,74,2021-11-15
pop rap,16,2021-11-15
post-teen pop,12,2021-11-15
rap,35,2021-11-15
rock,31,2021-11-15
contemporary country,16,2021-11-16
dance pop,57,2021-11-16
hip hop,16,2021-11-16
latin,15,2021-11-16
modern rock,13,2021-11-16
pop,89,2021-11-16
pop rap,17,2021-11-16
post-teen pop,14,2021-11-16
rap,26,2021-11-16
rock,35,2021-11-16
contemporary country,24,2021-11-17
dance pop,43,2021-11-17
hip hop,19,2021-11-17
latin,15,2021-11-17
modern rock,13,2021-11-17
pop,79,2021-11-17
pop rap,20,2021-11-17
post-teen pop,18,2021-11-17
rap,35,2021-11-17
rock,22,2021-11-17
contemporary country,15,2021-11-18
dance pop,42,2021-11-18
hip hop,16,2021-11-18
latin,18,2021-11-18
modern rock,17,2021-11-18
pop,96,2021-11-18
pop rap,30,2021-11-18
post-teen pop,17,2021-11-18
rap,45,2021-11-18
rock,47,2021-11-18
contemporary country,14,2021-11-19
dance pop,37,2021-11-19
hip hop,17,2021-11-19
latin,24,2021-11-19
modern rock,13,2021-11-19
pop,82,2021-11-19
pop rap,20,2021-11-19
post-teen pop,15,2021-11-19
rap,33,2021-11-19
rock,43,2021-11-19
contemporary country,23,2021-11-20
dance pop,56,2021-11-20
hip hop,22,2021-11-20
latin,20,2021-11-20
modern rock,23,2021-11-20
pop,79,2021-11-20
pop rap,20,2021-11-20
post-teen pop,23,2021-11-20
rap,25,2021-11-20
rock,41,2021-11-20
contemporary country,20,2021-11-21
dance pop,41,2021-11-21
hip hop,11,2021-11-21
latin,27,2021-11-21
modern rock,19,2021-11-21
pop,75,2021-11-21
pop rap,25,2021-11-21
post-teen pop,18,2021-11-21
rap,32,2021-11-21
rock,30,2021-11-21
contemporary country,4,2021-11-22
dance pop,2,2021-11-22
hip hop,1,2021-11-22
latin,1,2021-11-22
modern rock,2,2021-11-22
pop,13,2021-11-22
pop rap,2,2021-11-22
rap,4,2021-11-22
rock,3,2021-11-22
